tmdbId,times
13,329
278,317
680,307
274,279
603,278
11,251
329,238
197,237
280,224
424,220
550,218
862,215
1891,211
629,204
14,204
807,203
602,202
568,201
85,200
120,198
1892,196
238,192
5503,190
268,189
857,188
121,188
122,185
812,183
275,181
745,179
36955,178
63,177
8587,172
105,171
1637,171
98,170
808,170
607,165
581,164
954,162
3049,161
77,159
854,157
155,149
22,149
348,146
10020,146
562,145
788,144
1572,144
137,143
27205,143
2493,142
489,141
12,141
2164,140
89,140
1893,140
597,140
414,137
762,136
114,135
8467,133
36657,133
101,133
510,133
710,132
585,132
500,131
218,131
24,131
38,131
73,129
240,129
9598,128
769,126
679,126
37165,125
9806,125
78,124
664,123
453,123
601,122
557,122
9802,121
817,121
185,120
620,120
180,120
194,120
252,119
161,119
272,116
771,116
18,116
9804,115
251,115
640,115
2108,113
1642,112
2501,112
497,111
9331,110
146,110
8844,110
393,110
694,109
628,109
62,109
141,109
9377,109
87,108
193,108
28,107
1422,107
671,107
115,106
858,106
544,105
14160,105
2292,104
9603,104
10681,104
103,104
712,103
8963,103
2105,103
949,102
600,102
672,102
627,102
6950,101
9350,101
37233,101
816,100
289,100
8358,100
752,100
492,99
9614,99
2064,98
2118,97
856,97
935,97
863,97
19995,97
641,96
2898,96
604,96
380,96
1542,94
134,94
1726,94
673,93
107,93
9479,93
630,92
241,92
95,92
1894,92
809,92
9487,92
1934,92
4011,91
2280,91
235,91
199,91
1597,91
578,91
1669,90
1124,90
583,89
8012,89
196,88
861,88
16869,88
637,88
9273,88
564,87
813,87
129,87
165,87
75,86
11000,86
207,86
782,86
425,85
639,85
9390,85
525,84
567,84
2758,84
9208,84
187,84
539,83
786,83
744,83
524,82
686,82
9327,82
11450,81
11395,81
36557,81
2503,81
1417,81
9739,81
563,80
162,80
2054,80
1271,80
1832,79
605,79
558,79
37247,79
1895,78
7443,78
754,77
2649,77
408,77
1587,77
955,77
773,77
747,77
9473,76
49026,76
279,76
451,76
11566,76
36658,76
18785,76
941,75
104,75
926,75
243,75
2502,75
598,75
9359,74
1624,74
153,74
6957,74
157336,73
9741,73
4327,72
2062,72
429,72
58,72
68718,71
623,71
433,71
310,71
674,71
12405,71
522,70
5548,70
462,70
1900,70
9386,70
9087,70
4232,70
15,69
3034,69
8005,69
24428,69
587,69
9354,68
4476,68
1573,68
2024,68
10530,68
621,68
9428,68
9798,67
100,67
11324,67
687,67
4584,67
10144,67
330,67
111,67
8068,66
11031,66
9800,66
1584,66
11969,65
634,65
818,65
7326,65
17654,65
117,65
319,65
8840,65
496,65
1366,64
9495,64
8835,64
9693,64
9277,64
2667,64
15121,64
1493,64
6977,64
9268,64
792,63
36685,63
9612,63
2675,63
2756,62
11072,62
642,62
8839,62
616,62
6479,62
154,62
2668,62
9482,62
8469,62
411,62
10057,61
1924,61
8872,61
106,61
713,61
608,61
9679,61
2048,61
118,61
2657,61
4638,61
10895,60
364,60
9255,60
426,60
840,60
9342,60
8346,60
9434,59
1701,59
957,59
68,59
508,59
787,59
1359,59
118340,59
829,59
13475,59
9654,59
306,59
10377,59
8866,58
36593,58
767,58
10528,58
45269,58
9772,58
170,58
595,58
703,58
1430,58
378,58
36647,58
9522,58
1585,58
675,58
9340,57
881,57
9671,57
213,57
389,57
10329,57
10731,57
903,57
37799,57
8699,57
11003,56
11545,56
871,56
2323,56
9427,56
9451,56
509,56
644,56
531,56
285,56
755,55
10340,55
824,55
11310,55
3131,55
1933,55
10193,55
850,55
8363,55
9326,54
106646,54
11860,54
6520,54
3981,54
4951,54
9894,54
70160,54
293660,54
9398,54
9502,54
2300,53
756,53
9325,53
658,53
879,53
19908,53
345,53
13785,53
9593,53
8487,53
9886,53
6488,53
10191,53
1372,53
9552,53
15602,52
9366,52
334,52
8984,52
36668,52
120467,52
2255,52
322,52
4964,52
70,52
11977,52
4133,51
9737,51
2619,51
766,51
1813,51
2034,51
1018,51
11381,50
97,50
9489,50
239,50
74,50
37724,50
4247,50
435,50
16320,50
205596,50
12445,50
9372,50
855,50
1640,50
11017,49
10539,49
8536,49
1213,49
11862,49
869,49
4147,49
1574,49
15144,49
591,49
8009,48
346,48
913,48
11472,48
652,48
205,48
9032,48
286217,48
532,48
128,48
184,48
401,48
2666,48
402,47
76341,47
872,47
392,47
10545,47
2978,47
1824,47
594,47
12498,47
942,47
565,47
10138,47
11674,47
473,47
609,47
9535,47
12444,47
8077,47
2322,46
651,46
793,46
33542,46
9294,46
2757,46
1402,46
9312,46
943,46
1954,46
13223,46
423,46
35,46
2123,46
90,46
1878,46
152,45
1091,45
770,45
409,45
826,45
33,45
10674,45
11287,45
9348,45
397,45
10112,45
242,45
8488,45
8843,45
2112,45
1648,45
8078,45
714,45
8916,45
1734,45
9799,45
2770,45
296,45
947,45
6415,45
11780,44
1538,44
10061,44
245,44
12230,44
1700,44
137113,44
963,44
7299,44
7453,44
3933,44
22538,44
571,44
2133,44
1262,44
1903,44
559,44
34584,43
801,43
11778,43
8834,43
11777,43
11971,43
10478,43
676,43
163,43
8656,43
8584,43
8195,43
150540,43
8374,43
13183,43
23483,43
49538,43
168,43
10328,43
9426,43
1844,43
1491,43
5925,43
838,43
9571,42
9591,42
13597,42
2109,42
65754,42
13342,42
11386,42
9587,42
888,42
88,42
846,42
19913,42
157,42
6075,42
11543,42
174,42
415,42
9346,42
2069,42
11224,42
4806,42
37136,42
8681,42
44214,42
10442,41
9285,41
2320,41
9879,41
10637,41
920,41
140607,41
1487,41
5915,41
8321,41
2640,41
927,41
36819,41
1541,41
10693,41
9476,41
177572,41
9665,41
65,41
12092,40
847,40
8810,40
1909,40
1945,40
853,40
9281,40
8987,40
14291,40
796,40
1578,40
4935,40
4543,40
953,40
388,40
49051,40
8874,40
1995,40
387,40
254,40
11934,40
455,40
9361,39
10249,39
9430,39
10386,39
9472,39
9675,39
10625,39
69,39
2787,39
9740,39
9824,39
1850,39
670,39
1621,39
391,39
1858,39
217,39
1103,39
2028,39
10776,39
36643,39
9383,39
9870,39
1051,39
4944,39
149,39
226,39
4995,39
11635,39
10719,39
3170,38
9659,38
244786,38
9909,38
11353,38
10510,38
2636,38
2059,38
11036,38
20352,38
1885,38
4553,38
186,38
1949,38
58574,38
902,38
79,38
968,38
2907,38
10403,38
10537,37
11010,37
71,37
1634,37
77338,37
8392,37
210577,37
864,37
4547,37
4982,37
4922,37
3595,37
11688,37
1777,37
841,37
8193,37
421,37
10218,36
657,36
11886,36
2005,36
2759,36
164,36
1710,36
2293,36
207703,36
11355,36
10559,36
177,36
454,36
9738,36
3065,36
7340,36
10998,36
331,36
10220,36
8619,36
9388,36
9066,36
11360,35
8741,35
10276,35
11113,35
475,35
10428,35
6280,35
1592,35
9304,35
9509,35
2567,35
10764,35
9532,35
10802,35
1830,35
5236,35
1724,35
287,35
14836,35
9322,35
561,35
1645,35
10714,34
1725,34
1548,34
11359,34
9067,34
14534,34
1588,34
10201,34
45612,34
765,34
12163,34
9506,34
582,34
10195,34
10890,34
11639,34
865,34
9705,34
2294,34
36586,34
142,34
488,34
665,34
7270,34
12162,34
2270,34
11282,34
350,34
11216,34
646,33
11202,33
18183,33
236,33
11522,33
9099,33
10830,33
167,33
1927,33
176,33
30197,33
929,33
944,33
3536,33
938,33
11827,33
11412,33
200,33
11176,33
8871,33
320,33
693,33
298,33
8051,33
7446,33
696,33
277,33
8859,33
3597,32
1654,32
577,32
12106,32
866,32
22947,32
17431,32
59967,32
49047,32
269149,32
619,32
3989,32
1571,32
64690,32
1771,32
68721,32
3050,32
9480,32
805,32
11362,32
1817,32
1907,32
9576,32
1389,32
8698,32
9387,31
617,31
820,31
9536,31
9101,31
1635,31
50646,31
87827,31
3179,31
100402,31
772,31
281957,31
9100,31
11970,31
4233,31
586,31
2114,31
9533,31
5175,31
22881,31
137106,31
9008,31
11318,31
10189,31
9869,31
1164,31
9889,31
1406,31
1779,31
9631,30
11382,30
3512,30
3573,30
62177,30
1930,30
51876,30
982,30
533,30
13885,30
127585,30
6620,30
172,30
10003,30
5825,30
1368,30
1576,30
1633,30
13466,30
82693,30
10669,30
3176,30
624,29
4234,29
11520,29
10684,29
981,29
819,29
9919,29
109445,29
8856,29
10314,29
245891,29
1374,29
8960,29
10535,29
212,29
6114,29
2157,29
8914,29
7450,29
6282,29
14275,29
9611,29
11544,29
83666,29
9447,29
6978,28
9718,28
12133,28
264660,28
11448,28
11561,28
8393,28
12665,28
3036,28
11529,28
530,28
625,28
44264,28
12155,28
12626,28
10663,28
9267,28
711,28
10054,28
956,28
7345,28
8367,28
3558,28
68734,28
281,28
10331,28
503475,27
18129,27
6471,27
2609,27
9306,27
9880,27
599,27
36669,27
4348,27
37735,27
377,27
70981,27
330459,27
891,27
59,27
54138,27
99861,27
102899,27
283995,27
24795,27
13667,27
9360,27
431,27
2039,27
8873,27
10326,27
925,27
1535,27
5279,27
9471,27
61791,27
253768,27
9323,27
7191,27
1630,27
9475,27
9397,27
1636,27
10312,27
284,27
948,27
783,27
1653,27
8388,26
8592,26
1911,26
10162,26
37137,26
6947,26
1367,26
4108,26
2080,26
101299,26
194662,26
318846,26
329865,26
10874,26
10336,26
10806,26
10414,26
10206,26
2291,26
698,26
64688,26
1991,26
746,26
1443,26
2755,26
10147,26
9403,26
13595,26
11153,26
10647,26
343,26
1715,26
804,26
60308,26
1547,26
4248,26
9078,25
244,25
11527,25
7984,25
521,25
845,25
11011,25
1452,25
57158,25
8413,25
2655,25
10215,25
3082,25
15472,25
263115,25
11967,25
9837,25
9481,25
10468,25
5683,25
1498,25
152601,25
11013,25
59436,25
828,25
470,25
9550,25
7485,25
3021,25
5176,25
9313,25
1598,25
12560,25
12596,25
859,25
11774,25
9778,25
5549,25
12335,24
10122,24
10803,24
660,24
76,24
16448,24
9452,24
1245,24
11236,24
11929,24
1581,24
10163,24
7451,24
38757,24
8845,24
9619,24
7863,24
10515,24
1092,24
1371,24
14301,24
1865,24
2107,24
8130,24
9749,24
37135,24
9647,24
9355,24
11528,24
39939,24
9602,24
6637,24
8197,24
11040,24
654,24
108,24
5966,24
51540,24
11393,24
11843,24
9396,24
7131,24
705,24
10330,24
9678,24
13685,23
3063,23
12104,23
253,23
4518,23
688,23
10779,23
398,23
5551,23
1412,23
81,23
45317,23
338,23
950,23
131631,23
9303,23
381,23
2928,23
10153,23
10439,23
9276,23
11622,23
10307,23
6073,23
9339,23
1593,23
135397,23
55,23
2924,23
11808,23
11446,23
10154,23
2789,23
5994,23
403,23
814,23
10882,22
23168,22
10409,22
11004,22
10525,22
8986,22
10612,22
8966,22
4421,22
284052,22
1073,22
10158,22
75656,22
271110,22
11814,22
3525,22
9531,22
9013,22
2135,22
9334,22
9336,22
56292,22
82690,22
3116,22
9662,22
293,22
11005,22
5693,22
9549,22
9090,22
10223,22
2022,22
22970,22
4954,22
11452,22
794,22
2832,22
1992,22
10547,22
10774,22
8909,22
49521,22
764,22
3509,22
1429,22
2018,22
1946,22
11050,22
10586,21
15171,21
11704,21
14161,21
1024,21
9560,21
19101,21
12280,21
12160,21
9607,21
2925,21
2067,21
50014,21
38050,21
109424,21
8202,21
10358,21
27581,21
72105,21
76338,21
2788,21
8831,21
10466,21
332,21
11379,21
4967,21
707,21
699,21
169,21
681,21
810,21
138832,21
308,21
612,21
892,21
10303,21
37686,21
10096,21
14181,21
5550,21
10990,21
907,21
110415,21
13820,21
1562,21
1391,21
860,21
9384,21
9454,21
1599,21
55721,21
19,21
8491,21
4538,21
10956,21
551,21
11597,20
9905,20
303,20
11041,20
7551,20
9801,20
6557,20
6623,20
75612,20
379,20
10673,20
4256,20
1979,20
4771,20
15373,20
14370,20
10603,20
9444,20
11158,20
14367,20
6878,20
8452,20
768,20
8326,20
709,20
2605,20
8373,20
39514,20
38055,20
50544,20
114150,20
116745,20
613,20
9344,20
984,20
64682,20
284053,20
1523,20
1649,20
84892,20
702,20
9404,20
109,20
9942,20
5,20
11867,20
10634,20
10948,20
8007,20
11775,20
55931,20
923,20
11371,20
10322,20
297,20
10591,20
3291,20
16,20
11299,20
553,20
4442,20
2103,20
10705,19
479,19
26748,19
288,19
99,19
7095,19
1677,19
9470,19
9928,19
4816,19
7303,19
2642,19
93456,19
2119,19
11831,19
10480,19
1579,19
72190,19
11368,19
1672,19
206216,19
201,19
4836,19
2252,19
83542,19
314365,19
12110,19
9271,19
9826,19
4104,19
1639,19
10437,19
10137,19
10865,19
6038,19
1369,19
187017,19
14283,19
10909,19
10393,19
96,19
12154,19
9357,19
12101,19
5491,19
20526,19
40807,19
9037,19
11374,19
10398,19
584,19
2665,19
9081,19
704,19
3083,18
11551,18
4978,18
3600,18
526,18
682,18
192,18
11562,18
10747,18
11858,18
867,18
5137,18
9563,18
4824,18
13053,18
335,18
9896,18
11253,18
9279,18
11335,18
9442,18
15196,18
1365,18
6278,18
691,18
9494,18
7512,18
8247,18
534,18
49040,18
41154,18
157350,18
203801,18
2268,18
490,18
335984,18
1685,18
1607,18
11601,18
10590,18
4464,18
650,18
8065,18
10149,18
13701,18
10872,18
242582,18
273248,18
8224,18
2752,18
44115,18
900,18
223,18
44826,18
107985,18
122917,18
548,18
1667,18
2085,18
11467,18
46838,18
990,18
10315,18
10858,18
8850,18
9367,18
2771,18
2362,18
26564,17
10464,17
10778,17
9623,17
9070,17
18395,17
15789,17
17207,17
11008,17
10660,17
15765,17
10502,17
1495,17
9040,17
6964,17
116,17
49444,17
206647,17
11974,17
22794,17
996,17
1375,17
8961,17
4566,17
34544,17
27578,17
266856,17
9349,17
10402,17
10950,17
9637,17
9012,17
668,17
76493,17
177677,17
1480,17
638,17
28257,17
4437,17
10608,17
983,17
37094,17
9609,17
2043,17
395,17
14337,17
921,17
25,17
1251,17
7840,17
11770,17
13310,17
85350,17
795,17
9600,17
12123,17
504,17
152532,17
592,17
11232,17
951,17
9620,17
9955,17
579,17
1996,17
13448,17
1955,17
173,17
68924,17
4614,17
11329,17
4523,17
16538,17
1647,17
10159,17
11257,17
44896,17
11881,17
16859,17
653,16
10029,16
10658,16
22625,16
10217,16
1965,16
13997,16
9302,16
14334,16
10395,16
9409,16
11592,16
10897,16
5038,16
18240,16
311,16
966,16
9335,16
8054,16
20504,16
68724,16
76170,16
146233,16
202249,16
1281,16
9574,16
6068,16
15596,16
11411,16
9873,16
12207,16
15739,16
9816,16
62211,16
76203,16
168672,16
198663,16
238713,16
18971,16
1360,16
1788,16
9691,16
10400,16
231,16
10156,16
10136,16
110,16
2288,16
102651,16
209112,16
11066,16
9622,16
11557,16
1089,16
9490,16
535,16
9362,16
3090,16
11665,16
80274,16
12477,16
924,16
10141,16
834,16
5156,16
10683,16
8273,16
10549,16
4488,16
227,16
12107,16
4912,16
2142,16
11963,16
9091,16
11114,15
123,15
10406,15
9716,15
221,15
15037,15
11663,15
13105,15
31174,15
11861,15
9102,15
10534,15
10436,15
11231,15
10546,15
2275,15
9504,15
122906,15
6003,15
2277,15
832,15
914,15
9352,15
23048,15
27576,15
188927,15
290250,15
9411,15
16148,15
928,15
11336,15
11497,15
10945,15
6552,15
9946,15
9374,15
622,15
11899,15
1552,15
1551,15
9820,15
49948,15
10661,15
82702,15
211672,15
11645,15
11589,15
10474,15
922,15
1883,15
11418,15
4477,15
10279,15
1687,15
9003,15
11356,15
16614,15
45243,15
190859,15
419430,15
695,15
10357,15
4958,15
9595,15
2976,15
39513,15
606,15
11517,15
1586,15
80,15
14709,15
11857,15
86838,15
119450,15
590,15
8688,15
11449,15
1499,14
1880,14
10451,14
10440,14
843,14
527,14
10445,14
11062,14
20649,14
9382,14
9061,14
11593,14
13203,14
25059,14
9638,14
9493,14
10229,14
8390,14
11631,14
41630,14
978,14
12244,14
246655,14
333371,14
10495,14
290,14
1428,14
326,14
1948,14
1246,14
14013,14
12151,14
12105,14
11377,14
16281,14
6279,14
10567,14
11678,14
11826,14
8355,14
68726,14
12509,14
910,14
10388,14
5924,14
13776,14
11978,14
1272,14
5876,14
97630,14
14306,14
12159,14
2623,14
11702,14
11397,14
2359,14
422,14
259316,14
9353,14
3085,14
1381,14
3594,14
109414,14
240832,14
6312,14
64,14
13370,14
1088,14
404,14
5689,14
9257,14
9707,14
13193,14
1577,14
36648,14
7518,14
12102,14
18331,14
9788,14
8512,14
10796,14
49530,14
3078,14
400,14
9314,14
5516,14
7220,14
82654,14
19959,14
49049,14
11621,14
11349,14
10730,14
1738,14
81310,13
9437,13
11319,13
11976,13
30497,13
1497,13
39452,13
11816,13
9071,13
16771,13
44705,13
144,13
11498,13
2046,13
11973,13
8342,13
1408,13
16420,13
11076,13
9333,13
11238,13
10555,13
9722,13
257211,13
2163,13
9461,13
615,13
8848,13
18823,13
4808,13
4961,13
10849,13
11618,13
10396,13
14919,13
2990,13
2155,13
13531,13
10501,13
10518,13
9663,13
10128,13
20438,13
15413,13
11878,13
14282,13
299536,13
10911,13
9559,13
5143,13
1985,13
9920,13
1165,13
7350,13
13809,13
12698,13
11239,13
10668,13
9922,13
2604,13
2616,13
2698,13
1781,13
1887,13
374720,13
830,13
11815,13
11549,13
8438,13
9960,13
9543,13
228150,13
297762,13
2295,13
16636,13
11846,13
9882,13
967,13
9944,13
8870,13
6951,13
4347,13
10527,13
901,13
215,13
2637,13
9486,13
10765,13
7553,13
127380,13
354912,13
14052,13
9290,13
9606,13
13335,13
8838,13
8675,13
48750,13
1278,13
14506,13
9477,13
9443,13
12185,13
11873,13
124905,13
6396,12
44639,12
2074,12
23210,12
9844,12
9464,12
9465,12
21991,12
2614,12
12122,12
11596,12
8011,12
26141,12
2246,12
9516,12
12519,12
9431,12
9401,12
9890,12
9833,12
3635,12
20943,12
24803,12
10198,12
54825,12
6145,12
23631,12
18215,12
11228,12
11511,12
12614,12
1968,12
9449,12
10072,12
10585,12
1090,12
11797,12
10493,12
19186,12
16520,12
708,12
667,12
195589,12
188161,12
228967,12
297761,12
246,12
383498,12
14522,12
1688,12
66,12
8052,12
8293,12
14635,12
9685,12
3472,12
2056,12
9270,12
11568,12
11975,12
11849,12
9316,12
2652,12
16562,12
16388,12
1370,12
9825,12
16300,12
18414,12
20758,12
147,12
9605,12
17578,12
10157,12
9378,12
9962,12
1250,12
4141,12
11673,12
8818,12
10015,12
873,12
2486,12
2454,12
181808,12
11787,12
2289,12
16619,12
1890,12
8974,12
13156,12
14462,12
1904,12
13958,12
39538,12
309,12
649,12
2769,12
16523,12
14741,12
20156,12
975,12
480,12
6519,12
4257,12
75780,12
11077,12
11624,12
11980,12
11983,12
81188,12
10569,12
2321,12
889,12
588,12
2897,12
65215,12
23629,12
1775,11
11904,11
3035,11
10047,11
9289,11
59440,11
576,11
29193,11
11901,11
11054,11
10449,11
12121,11
19042,11
10988,11
20762,11
12233,11
38223,11
1770,11
5255,11
3683,11
10327,11
6961,11
10184,11
7452,11
3133,11
575,11
40805,11
50456,11
59859,11
291805,11
10280,11
260,11
9529,11
9086,11
9446,11
11485,11
9320,11
16384,11
10210,11
9096,11
37853,11
14900,11
4244,11
16081,11
17908,11
11009,11
38356,11
102382,11
227159,11
10873,11
12573,11
10835,11
1879,11
9311,11
12706,11
14784,11
12113,11
11321,11
2253,11
17015,11
18203,11
2671,11
936,11
6023,11
4564,11
9440,11
9422,11
14170,11
2900,11
11259,11
11068,11
10641,11
7520,11
9433,11
2020,11
9876,11
8470,11
10139,11
1554,11
11314,11
11708,11
59962,11
76492,11
96721,11
278927,11
273481,11
8989,11
19494,11
11090,11
11806,11
11584,11
1690,11
214,11
11426,11
2539,11
109443,11
74643,11
175,11
1923,11
10878,11
9275,11
6069,11
1632,11
150,11
1901,11
9392,11
9767,11
9836,11
1267,11
13377,11
3563,11
4513,11
8780,11
20283,11
65057,11
35056,11
11159,11
10712,11
14285,11
10992,11
2011,11
4480,11
11455,11
10644,11
10823,11
12149,11
12921,11
4688,11
299,11
10202,11
5528,11
10152,11
9957,11
9410,11
2360,11
300,11
884,11
10427,11
10633,11
10808,11
2023,11
9315,11
11302,11
593,11
7552,11
12429,11
13403,11
11817,11
284054,11
12223,11
9615,11
10246,11
49529,11
11979,11
178,10
143,10
12186,10
1433,10
2086,10
19326,10
18402,10
37108,10
36355,10
12606,10
2026,10
2044,10
11820,10
12620,10
24021,10
198184,10
10548,10
24238,10
50348,10
76163,10
370646,10
9059,10
24808,10
11591,10
9877,10
8913,10
14742,10
9406,10
11478,10
11495,10
11135,10
11172,10
18360,10
38365,10
116741,10
271718,10
131634,10
1999,10
10380,10
19931,10
11521,10
11468,10
14292,10
1966,10
4512,10
7347,10
7300,10
9283,10
20306,10
24137,10
1049,10
476,10
103663,10
265195,10
13554,10
11896,10
11286,10
10490,10
5851,10
8764,10
381284,10
64328,10
4415,10
12118,10
13166,10
15258,10
7516,10
14756,10
32513,10
14412,10
11016,10
9358,10
44912,10
206487,10
11420,10
80379,10
15764,10
113,10
2058,10
18444,10
10068,10
10536,10
10744,10
1970,10
8271,10
7737,10
4953,10
7249,10
12182,10
18480,10
34851,10
5559,10
16996,10
10161,10
1902,10
10110,10
1714,10
11812,10
10756,10
261,10
15143,10
909,10
10771,10
41733,10
49520,10
256591,10
2019,10
763,10
6116,10
11837,10
1694,10
10720,10
27022,10
9026,10
643,10
14069,10
13804,10
11086,10
10833,10
13260,10
32823,10
277834,10
9781,10
647,10
4203,10
4032,10
11667,10
11230,10
2749,10
11576,10
82,10
51497,10
692,10
11120,10
10014,10
10642,10
1580,10
1833,10
9073,10
406,10
18660,10
13665,10
9429,10
9947,10
8814,10
1792,10
8769,10
985,10
14821,9
11252,9
138,9
45523,9
27281,9
12157,9
27103,9
20862,9
1075,9
9263,9
11525,9
12158,9
52856,9
28033,9
16295,9
26261,9
314,9
9899,9
9697,9
18239,9
9835,9
3586,9
27768,9
961,9
37257,9
8677,9
7555,9
11322,9
10313,9
324668,9
8069,9
11962,9
31044,9
4174,9
11235,9
10216,9
17984,9
9570,9
11415,9
9445,9
14628,9
13698,9
1641,9
10208,9
10342,9
11001,9
14035,9
10083,9
49721,9
2075,9
17711,9
14136,9
22660,9
17352,9
12144,9
1537,9
254470,9
214756,9
313369,9
247,9
11782,9
2742,9
7305,9
10655,9
13435,9
2055,9
16219,9
8923,9
10707,9
6963,9
2207,9
5723,9
10483,9
11499,9
10997,9
10404,9
15999,9
14280,9
9884,9
222935,9
22796,9
11307,9
17795,9
632,9
11087,9
10860,9
10934,9
87502,9
4977,9
225130,9
574,9
11285,9
5919,9
11686,9
9064,9
9291,9
94329,9
11134,9
8428,9
20766,9
339403,9
346364,9
11949,9
37719,9
979,9
11690,9
2140,9
11823,9
10027,9
9297,9
7211,9
13253,9
34016,9
77953,9
11457,9
8816,9
9293,9
1265,9
52449,9
18988,9
11093,9
164721,9
4970,9
8386,9
1439,9
22972,9
10481,9
10344,9
11959,9
136,9
29154,9
9683,9
11006,9
18169,9
11247,9
10985,9
11023,9
2179,9
38319,9
80035,9
49519,9
80321,9
156022,9
11022,9
8337,9
14295,9
11516,9
340,9
1705,9
11416,9
9651,9
3537,9
11460,9
10316,9
1807,9
10323,9
10775,9
23479,9
9286,9
7007,9
18550,9
9626,9
11891,9
596,9
24452,9
6466,9
13811,9
49849,9
87101,9
9645,9
12277,9
14517,9
11363,8
10907,8
10957,8
9994,8
339,8
15389,8
16241,8
45325,8
21032,8
35196,8
9095,8
8973,8
9058,8
10879,8
11853,8
25087,8
23449,8
8696,8
10040,8
1427,8
10735,8
14844,8
9029,8
140823,8
10443,8
296098,8
10513,8
1619,8
12222,8
142061,8
338766,8
343668,8
359940,8
2654,8
15139,8
6217,8
11419,8
8067,8
36568,8
16084,8
41469,8
2620,8
17918,8
17887,8
12187,8
15239,8
1727,8
635,8
2621,8
4825,8
19933,8
12139,8
700,8
36670,8
138697,8
232672,8
6538,8
14048,8
1398,8
12145,8
12143,8
10687,8
8489,8
10423,8
13416,8
9667,8
8978,8
16608,8
7457,8
4169,8
11798,8
4349,8
13363,8
3580,8
15092,8
14869,8
887,8
20927,8
47333,8
13697,8
825,8
11074,8
4478,8
880,8
6615,8
18658,8
9566,8
14662,8
16379,8
10390,8
9644,8
11191,8
10019,8
1921,8
10364,8
10653,8
30502,8
9089,8
10680,8
19259,8
14361,8
11184,8
264644,8
312221,8
324786,8
9016,8
269,8
2000,8
38575,8
270487,8
140300,8
507,8
10869,8
9425,8
18462,8
20242,8
12518,8
2134,8
11906,8
10130,8
9610,8
9319,8
10622,8
16406,8
3086,8
11327,8
43923,8
308266,8
49517,8
140420,8
26610,8
436,8
8879,8
26617,8
8356,8
10212,8
13368,8
10859,8
11547,8
11194,8
11431,8
9043,8
7549,8
6537,8
15512,8
13532,8
18570,8
76726,8
64635,8
25188,8
257091,8
10514,8
9932,8
12090,8
4481,8
27265,8
13485,8
11469,8
46195,8
89492,8
109439,8
228161,8
11879,8
2210,8
8408,8
11474,8
12100,8
2266,8
9540,8
3604,8
11634,8
11615,8
1913,8
11630,8
9266,8
9038,8
22803,8
57214,8
43074,8
837,8
140,8
15370,8
219,8
26719,8
11893,8
15198,8
12610,8
14811,8
2100,8
916,8
11007,8
13476,8
9007,8
23954,8
14886,8
9745,8
34636,8
2768,8
9541,8
39013,8
58423,8
11051,8
9989,8
11649,8
11470,8
9341,8
15698,8
28597,8
16023,8
399055,8
8329,8
12278,8
10228,8
8869,8
11804,8
4551,8
9754,8
2310,8
13027,8
9714,8
11541,8
15723,8
117263,8
14924,8
15556,8
9923,8
14347,8
11064,8
24664,8
2639,8
22292,7
14908,7
111794,7
1857,7
24831,7
27793,7
16297,7
21734,7
19426,7
8545,7
3114,7
742,7
31357,7
17414,7
40490,7
15128,7
4722,7
31586,7
10543,7
25969,7
9103,7
47907,7
11130,7
11326,7
262,7
11137,7
43347,7
50619,7
9469,7
10479,7
6521,7
223702,7
3432,7
43539,7
123025,7
27993,7
13528,7
9450,7
9823,7
9414,7
31220,7
10131,7
10160,7
29228,7
14557,7
9945,7
14444,7
11772,7
16305,7
25010,7
11718,7
918,7
10564,7
2251,7
9488,7
9356,7
8274,7
12180,7
10192,7
37710,7
82992,7
57201,7
64686,7
166426,7
324552,7
14359,7
3175,7
10617,7
11590,7
9555,7
11646,7
11884,7
7214,7
9777,7
9912,7
11652,7
1247,7
10200,7
13813,7
12437,7
25147,7
784,7
11165,7
11892,7
7288,7
25376,7
2124,7
9725,7
9728,7
18892,7
12618,7
10135,7
9771,7
9448,7
14577,7
16806,7
9981,7
10489,7
181886,7
277216,7
192040,7
10794,7
133919,7
7735,7
251516,7
331214,7
10412,7
14553,7
10692,7
11542,7
9373,7
2610,7
180299,7
12475,7
38251,7
36797,7
13321,7
1713,7
13783,7
31011,7
82675,7
82695,7
13446,7
5902,7
9301,7
10511,7
844,7
18713,7
6435,7
8010,7
10729,7
16723,7
249,7
9787,7
1776,7
1255,7
7942,7
8055,7
24447,7
8922,7
9408,7
18162,7
266294,7
10843,7
10734,7
12184,7
11851,7
35791,7
41402,7
138843,7
10587,7
11535,7
17130,7
8427,7
11375,7
16633,7
2895,7
13320,7
3080,7
3529,7
2122,7
10762,7
7364,7
9982,7
9900,7
11619,7
87826,7
8447,7
21588,7
15658,7
14560,7
86829,7
158852,7
11824,7
14442,7
145,7
962,7
62215,7
30969,7
12138,7
11088,7
2565,7
10491,7
2171,7
13908,7
12094,7
17610,7
38778,7
50546,7
328111,7
324849,7
396,7
912,7
31121,7
25934,7
157353,7
22311,7
44048,7
10851,7
12096,7
254320,7
13225,7
802,7
2750,7
12235,7
234,7
10875,7
11694,7
5955,7
5257,7
9567,7
10022,7
8292,7
8860,7
10975,7
5769,7
10002,7
30890,7
14831,7
777,7
24481,7
10155,7
6283,7
9517,7
6171,7
9296,7
11030,7
10847,7
9759,7
9779,7
22954,7
84175,7
2260,7
9769,7
11305,7
1282,7
636,7
1550,7
13537,7
203,7
24226,7
17917,7
28387,7
10531,7
11037,7
9829,7
62204,7
253941,7
19176,7
11177,7
9515,7
1620,7
1735,7
10013,7
11206,7
3112,7
2662,7
10607,7
47931,7
10611,7
12770,7
10074,7
18501,7
11443,7
10140,7
50839,7
13824,7
24128,7
21873,7
37718,7
47951,7
4997,7
1696,7
10288,7
16620,7
11548,7
11439,7
32657,7
15947,6
3109,6
13155,6
13850,6
11888,6
17447,6
11855,6
10399,6
1052,6
17182,6
10533,6
37141,6
14819,6
25066,6
10497,6
29973,6
106143,6
9057,6
31504,6
9625,6
21711,6
3172,6
4909,6
11128,6
12496,6
12520,6
13969,6
8976,6
2977,6
24684,6
38357,6
57800,6
117251,6
363676,6
274870,6
11219,6
19901,6
333484,6
302946,6
46094,6
8766,6
9413,6
13962,6
15969,6
18282,6
11932,6
29968,6
7341,6
11234,6
9264,6
18681,6
11654,6
10560,6
24099,6
33408,6
20723,6
39314,6
37834,6
41210,6
39254,6
136795,6
168530,6
97020,6
181533,6
272693,6
307081,6
5910,6
11660,6
12524,6
648,6
11575,6
11937,6
17339,6
549,6
38718,6
10168,6
12651,6
546,6
8270,6
13387,6
10733,6
23570,6
17204,6
26561,6
12709,6
666,6
15379,6
58496,6
2087,6
10174,6
9713,6
10207,6
8970,6
10471,6
11856,6
10862,6
17159,6
11352,6
18975,6
9308,6
11164,6
15256,6
32685,6
39781,6
77016,6
109421,6
11773,6
797,6
4176,6
58233,6
47964,6
141052,6
253412,6
12599,6
16889,6
28384,6
11533,6
440,6
1939,6
17529,6
21736,6
381288,6
353486,6
40771,6
9696,6
31650,6
21610,6
23685,6
2453,6
14621,6
14684,6
10589,6
13020,6
6877,6
16070,6
1819,6
10758,6
16871,6
17927,6
38408,6
110639,6
49012,6
62835,6
9655,6
10115,6
27573,6
308369,6
220,6
8740,6
8094,6
405,6
439,6
2841,6
7461,6
11850,6
10086,6
48138,6
10708,6
14411,6
1712,6
2469,6
45609,6
1859,6
11459,6
9794,6
38745,6
55725,6
62206,6
261392,6
274167,6
2185,6
8665,6
6643,6
9871,6
11075,6
13441,6
16290,6
75174,6
68722,6
171274,6
17281,6
22102,6
50797,6
12635,6
11852,6
12153,6
10033,6
9988,6
5123,6
39451,6
62213,6
193610,6
257344,6
296099,6
302401,6
308639,6
321697,6
20662,6
84332,6
18487,6
21450,6
11044,6
9786,6
23082,6
31867,6
68728,6
68735,6
262500,6
258489,6
313297,6
13766,6
11863,6
874,6
3767,6
11372,6
6440,6
3782,6
179,6
14926,6
8851,6
13198,6
14574,6
168259,6
10974,6
37916,6
4587,6
10780,6
9710,6
10743,6
4474,6
17127,6
16535,6
13497,6
28059,6
12311,6
10678,6
10601,6
11838,6
11283,6
1852,6
1273,6
12889,6
15060,6
16858,6
8649,6
19348,6
469,6
16888,6
10876,6
51802,6
15745,6
11313,6
9523,6
4012,6
16857,6
21189,6
294254,6
940,6
2161,6
848,6
1730,6
10368,6
1908,6
1873,6
59678,6
27995,6
24070,6
26391,6
34444,6
10379,6
55561,6
11157,6
11217,6
13056,6
24276,6
9441,6
10646,6
8643,6
9526,6
11358,6
11096,6
10012,6
10066,6
9792,6
10196,6
10651,6
10065,6
58595,6
72331,6
152760,6
18079,6
466,6
10723,6
9964,6
20697,6
19366,6
16314,6
11982,6
10999,6
26408,6
14585,6
17692,6
11133,6
10350,6
14242,6
2383,6
883,6
13092,6
23514,6
18417,6
10552,6
13187,6
9676,6
16307,6
12211,6
11454,6
12117,6
9730,6
11821,6
13666,5
32646,5
10557,5
5001,5
47475,5
43742,5
10452,5
19855,5
48287,5
35588,5
2259,5
12656,5
12559,5
10987,5
6346,5
10145,5
1125,5
9719,5
77930,5
60670,5
11092,5
18947,5
33613,5
70670,5
112336,5
228970,5
320007,5
19760,5
26203,5
15944,5
30949,5
35680,5
11284,5
11462,5
11082,5
20096,5
11071,5
16172,5
24071,5
14429,5
19736,5
34322,5
16347,5
10866,5
12780,5
12589,5
12208,5
25195,5
146216,5
270946,5
32636,5
42314,5
9558,5
13852,5
26578,5
4107,5
10940,5
15487,5
11661,5
8053,5
7304,5
69315,5
8885,5
22494,5
19898,5
4539,5
21539,5
37345,5
9819,5
16052,5
55306,5
17589,5
4985,5
46738,5
97367,5
10635,5
21915,5
9770,5
16820,5
10461,5
2617,5
6071,5
26306,5
10419,5
18935,5
15592,5
7859,5
2355,5
284293,5
420714,5
1628,5
8416,5
10831,5
12268,5
4593,5
10234,5
204,5
823,5
15371,5
13041,5
18491,5
775,5
274479,5
31102,5
9466,5
31582,5
10991,5
2144,5
31052,5
11828,5
23111,5
12762,5
9768,5
13353,5
80767,5
12723,5
9822,5
4929,5
12220,5
11790,5
30588,5
3009,5
334533,5
348350,5
14447,5
19833,5
37495,5
167966,5
13930,5
9457,5
14533,5
4550,5
12658,5
10868,5
9941,5
15278,5
11364,5
11509,5
2110,5
2330,5
10371,5
18041,5
759,5
10691,5
10677,5
501,5
10045,5
13751,5
13508,5
8669,5
13007,5
88751,5
25196,5
40619,5
22798,5
73723,5
225886,5
227156,5
252838,5
21635,5
994,5
11832,5
2013,5
663,5
31225,5
41823,5
29917,5
41436,5
52520,5
10426,5
11078,5
10610,5
13778,5
13920,5
41768,5
10896,5
17889,5
11870,5
10996,5
8920,5
11199,5
193893,5
4482,5
51352,5
11229,5
20539,5
15515,5
28216,5
26515,5
14268,5
13763,5
23919,5
11595,5
71880,5
74465,5
17768,5
45132,5
10098,5
821,5
780,5
8424,5
37797,5
16804,5
17609,5
152742,5
50035,5
14369,5
6575,5
23742,5
58224,5
57431,5
50647,5
109418,5
325133,5
295693,5
11859,5
30500,5
24735,5
11107,5
260346,5
300671,5
24420,5
11296,5
1643,5
4148,5
37472,5
300669,5
315,5
26422,5
14271,5
13671,5
42121,5
35144,5
10424,5
2575,5
10477,5
39938,5
10592,5
10048,5
20120,5
36929,5
34170,5
15489,5
4485,5
11337,5
9586,5
29786,5
1786,5
10954,5
10861,5
10699,5
19457,5
14195,5
10643,5
10016,5
302,5
13560,5
11697,5
17295,5
32611,5
15300,5
11091,5
10053,5
10923,5
2313,5
6972,5
7501,5
276,5
20759,5
9024,5
468,5
10867,5
849,5
441,5
1809,5
988,5
38225,5
17814,5
316029,5
9021,5
10494,5
9299,5
4241,5
483,5
13398,5
4689,5
13372,5
11423,5
25719,5
10341,5
18784,5
9764,5
10333,5
10648,5
31657,5
399174,5
11825,5
11027,5
11293,5
8882,5
11298,5
11966,5
10588,5
10320,5
11679,5
1656,5
9044,5
806,5
8204,5
20829,5
23069,5
791,5
7445,5
46705,5
46529,5
49526,5
60304,5
81005,5
134374,5
87421,5
126889,5
395834,5
1555,5
33320,5
11954,5
32308,5
11187,5
9417,5
9849,5
10577,5
20009,5
10438,5
11811,5
11069,5
839,5
83,5
9035,5
5174,5
8645,5
23827,5
20348,5
32255,5
21849,5
25538,5
22327,5
8198,5
790,5
11281,5
2182,5
24153,5
12309,5
11400,5
1249,5
3110,5
334541,5
32060,5
14425,5
23488,5
238636,5
16441,5
32574,5
24746,5
86834,5
11028,5
71676,5
3682,5
20126,5
10784,5
12103,5
11546,5
2309,5
166424,5
3121,5
28029,5
2084,5
7442,5
12120,5
2661,5
9688,5
15067,5
224141,5
10264,5
11347,4
10938,4
26941,4
17139,4
31997,4
11444,4
65796,4
27303,4
28313,4
10824,4
36196,4
10750,4
25239,4
21332,4
10761,4
55787,4
74534,4
50620,4
1392,4
158,4
12225,4
24253,4
82633,4
84334,4
25557,4
22588,4
11015,4
24913,4
17770,4
33344,4
22328,4
14578,4
16288,4
11510,4
10384,4
10472,4
1793,4
54087,4
1058,4
9278,4
16340,4
33689,4
147773,4
107846,4
152747,4
146239,4
256961,4
105864,4
335797,4
10401,4
8289,4
11316,4
5511,4
260513,4
20737,4
13815,4
11864,4
13913,4
876,4
11109,4
868,4
1116,4
1259,4
10185,4
13291,4
13905,4
25842,4
25189,4
3033,4
2332,4
5967,4
160588,4
61752,4
17707,4
18161,4
26333,4
19357,4
8494,4
26386,4
23805,4
16784,4
331781,4
328425,4
5781,4
2786,4
49565,4
49010,4
159824,4
293167,4
398818,4
26352,4
6,4
11587,4
11933,4
6522,4
18252,4
10563,4
13939,4
11644,4
11703,4
9292,4
10467,4
16096,4
9507,4
21489,4
303991,4
374430,4
338970,4
185574,4
1689,4
11712,4
75386,4
4552,4
47889,4
16235,4
10173,4
11943,4
14550,4
8992,4
11676,4
3777,4
20770,4
580,4
24940,4
4886,4
10035,4
1440,4
14202,4
1691,4
4588,4
7985,4
4942,4
12783,4
15584,4
19255,4
13090,4
22821,4
13477,4
20533,4
73937,4
144340,4
129139,4
225565,4
291870,4
18900,4
1919,4
12476,4
158015,4
11895,4
3132,4
9557,4
2830,4
2440,4
40156,4
655,4
9746,4
24480,4
13562,4
31516,4
9927,4
22897,4
59108,4
109431,4
107811,4
356305,4
32562,4
26890,4
7227,4
16767,4
10169,4
30055,4
19064,4
9542,4
3293,4
13703,4
12705,4
14290,4
25430,4
16563,4
1808,4
46435,4
16085,4
9582,4
16367,4
62764,4
9305,4
12761,4
28978,4
14002,4
18148,4
15251,4
33602,4
67913,4
110420,4
321594,4
38904,4
11889,4
14651,4
10030,4
13523,4
10521,4
19905,4
48988,4
38317,4
74387,4
71552,4
243938,4
296100,4
259694,4
241259,4
302699,4
416477,4
10278,4
2613,4
22317,4
29756,4
27582,4
82703,4
49017,4
293310,4
116149,4
270303,4
267,4
22230,4
8461,4
14139,4
16991,4
227719,4
47933,4
267193,4
371645,4
180863,4
31530,4
10150,4
10050,4
9415,4
17006,4
140207,4
547,4
10354,4
26149,4
28145,4
29005,4
22267,4
11209,4
52654,4
21876,4
24266,4
41951,4
1722,4
21845,4
17187,4
13376,4
14433,4
11046,4
17809,4
9641,4
9036,4
1646,4
18736,4
11132,4
13374,4
14822,4
36259,4
18862,4
281338,4
9343,4
2690,4
36492,4
16672,4
24748,4
9051,4
9282,4
11687,4
10225,4
10766,4
39283,4
27472,4
9583,4
30072,4
15647,4
11523,4
22016,4
811,4
14114,4
4599,4
1382,4
8066,4
9762,4
93,4
14629,4
15028,4
25431,4
22584,4
11024,4
626,4
4379,4
11648,4
4643,4
1268,4
20048,4
21208,4
27579,4
51739,4
72976,4
12489,4
9458,4
506,4
48217,4
5852,4
17612,4
9589,4
9686,4
327,4
23949,4
20794,4
11484,4
37606,4
10994,4
9280,4
22958,4
14022,4
225574,4
2006,4
24032,4
11953,4
16093,4
51230,4
14615,4
1843,4
14286,4
1951,4
42196,4
13891,4
9840,4
9079,4
1644,4
18620,4
17600,4
10236,4
29143,4
15854,4
23128,4
333339,4
447332,4
281979,4
282963,4
317190,4
282758,4
189,4
400928,4
400106,4
58857,4
29621,4
37244,4
9438,4
24103,4
11258,4
14405,4
14776,4
15120,4
28219,4
291,4
17113,4
24197,4
16246,4
80585,4
64689,4
13567,4
20309,4
17745,4
11351,4
10710,4
19082,4
10727,4
12634,4
13505,4
13373,4
11866,4
10476,4
9913,4
11931,4
9621,4
6795,4
503,4
14799,4
9760,4
12526,4
4960,4
12572,4
310593,4
21352,4
12129,4
11586,4
15393,4
11104,4
9708,4
9828,4
12177,4
26388,4
44943,4
72113,4
76025,4
59961,4
57165,4
72207,4
103332,4
53182,4
328387,4
3543,4
15394,4
14108,4
2576,4
22527,4
22826,4
13982,4
11186,4
10925,4
10929,4
20726,4
11059,4
14239,4
11081,4
336,4
11249,4
12720,4
11683,4
9885,4
7874,4
2082,4
14451,4
29427,4
8333,4
21128,4
614,4
12919,4
18887,4
37969,4
10657,4
21500,4
10576,4
19698,4
18391,4
3073,4
10973,4
14774,4
24750,4
512,4
8836,4
678,4
10785,4
12310,4
245703,4
37530,4
71859,4
91314,4
184315,4
167073,4
63311,4
129670,4
254128,4
15660,4
27813,4
28345,4
6020,4
14671,4
9701,4
2196,4
976,4
8072,4
12611,4
49797,4
1420,4
55347,4
98566,4
339964,4
2290,4
21575,4
207932,4
11162,4
60935,4
43316,4
18602,4
7294,4
11610,4
10306,4
36676,4
13764,4
13754,4
3040,4
8999,4
2117,4
41513,4
77931,4
23618,4
15598,4
991,4
17906,4
10023,4
827,4
6844,4
11141,4
8998,4
1364,4
10982,4
205321,4
32686,4
18989,4
26180,4
5971,4
13681,4
10763,4
40820,4
20704,4
13496,4
11065,4
5968,4
9930,4
10021,4
24548,4
10366,4
11531,4
9660,4
15800,4
72710,4
11779,4
38557,4
13348,4
10972,4
42807,3
42518,3
482,3
154400,3
13282,3
26914,3
40867,3
29937,3
18734,3
26441,3
43566,3
30765,3
31611,3
26258,3
32631,3
18220,3
161495,3
22586,3
41579,3
43535,3
16299,3
18555,3
19004,3
32058,3
13888,3
19067,3
34653,3
32856,3
42888,3
82881,3
9416,3
993,3
10180,3
1023,3
16995,3
15362,3
84329,3
82682,3
171372,3
374475,3
406997,3
42580,3
41671,3
52263,3
2212,3
15170,3
32911,3
32456,3
9715,3
9424,3
19379,3
2760,3
24086,3
33278,3
22345,3
47941,3
18222,3
25166,3
28370,3
61178,3
25562,3
10571,3
36047,3
15158,3
16146,3
17264,3
1816,3
9385,3
8275,3
12193,3
26123,3
40161,3
72358,3
172533,3
136400,3
227783,3
227300,3
116440,3
266647,3
295964,3
384682,3
30020,3
26030,3
47423,3
10881,3
11657,3
14273,3
4291,3
29478,3
41784,3
2007,3
15397,3
10955,3
16442,3
13922,3
1717,3
9952,3
6973,3
5353,3
7979,3
9381,3
13600,3
13051,3
10529,3
67479,3
27526,3
25440,3
11876,3
9821,3
2731,3
9104,3
12140,3
11633,3
62488,3
60243,3
132344,3
216015,3
19819,3
17894,3
10416,3
41659,3
12773,3
26255,3
13938,3
17170,3
10142,3
25750,3
34106,3
33506,3
25793,3
244267,3
321741,3
1396,3
6037,3
427,3
3053,3
10654,3
10947,3
41201,3
89708,3
149870,3
261023,3
318917,3
290595,3
337339,3
351460,3
390043,3
363088,3
1678,3
30202,3
18990,3
7278,3
51608,3
14905,3
53565,3
13533,3
8348,3
11481,3
9726,3
1248,3
21755,3
212716,3
273271,3
300668,3
46105,3
13245,3
18197,3
4105,3
19140,3
13199,3
2611,3
12257,3
14736,3
21,3
14293,3
10995,3
20561,3
20562,3
19087,3
14278,3
9005,3
7511,3
51863,3
16727,3
20553,3
8676,3
62128,3
19422,3
22832,3
13949,3
286554,3
72570,3
82687,3
244772,3
8996,3
12516,3
38291,3
10949,3
16153,3
24657,3
2009,3
5708,3
11917,3
22804,3
37707,3
12279,3
10739,3
10028,3
7862,3
31439,3
40001,3
49462,3
18415,3
41515,3
198,3
20334,3
37691,3
11898,3
776,3
778,3
11083,3
11451,3
13499,3
11227,3
16866,3
23398,3
23023,3
124459,3
209247,3
20875,3
213110,3
310135,3
316023,3
4307,3
229,3
10283,3
28501,3
2038,3
9456,3
19380,3
11713,3
8216,3
10632,3
38868,3
18573,3
19053,3
31965,3
11401,3
17832,3
41841,3
1811,3
7514,3
11830,3
4952,3
10397,3
18533,3
43949,3
57212,3
271714,3
1831,3
12710,3
47045,3
59387,3
29380,3
540,3
14043,3
12435,3
72197,3
11902,3
29376,3
16306,3
20123,3
26317,3
3001,3
14537,3
11190,3
1280,3
14793,3
38142,3
13413,3
13933,3
13929,3
76696,3
80278,3
198277,3
265297,3
372058,3
5894,3
25520,3
18317,3
17734,3
39310,3
35233,3
10227,3
13907,3
5205,3
11638,3
11453,3
2800,3
9750,3
13596,3
19556,3
19899,3
22894,3
14158,3
87428,3
87818,3
112205,3
100042,3
333385,3
323676,3
376659,3
213681,3
339846,3
46889,3
18588,3
21719,3
22692,3
31776,3
12714,3
2608,3
179144,3
308504,3
274854,3
242224,3
246741,3
22536,3
52451,3
80038,3
210479,3
205775,3
319888,3
279641,3
295699,3
369557,3
290098,3
8223,3
12093,3
20318,3
18764,3
1729,3
31908,3
25624,3
62676,3
47692,3
10219,3
44853,3
38805,3
26602,3
30295,3
34549,3
12312,3
32030,3
9573,3
13536,3
4911,3
12146,3
17880,3
37056,3
19378,3
391713,3
15655,3
22479,3
16980,3
1847,3
12454,3
14140,3
28737,3
20978,3
24348,3
39141,3
10615,3
23626,3
10166,3
12545,3
3062,3
18283,3
27845,3
40160,3
27367,3
28580,3
16958,3
13465,3
32847,3
1957,3
31246,3
1976,3
25736,3
27437,3
8849,3
9681,3
9895,3
9963,3
6477,3
7980,3
13552,3
25099,3
1774,3
8583,3
10376,3
9421,3
10387,3
10688,3
1485,3
318,3
552,3
24936,3
25641,3
4965,3
10394,3
18905,3
14112,3
15395,3
9045,3
13819,3
46989,3
20689,3
337,3
10433,3
166680,3
15137,3
17473,3
22843,3
115782,3
75629,3
413279,3
16249,3
23728,3
15794,3
10913,3
33908,3
18191,3
36915,3
9684,3
11632,3
5259,3
9034,3
13341,3
1257,3
1600,3
1411,3
13853,3
11026,3
2899,3
10795,3
13025,3
399404,3
4296,3
10916,3
10941,3
282848,3
315623,3
335209,3
49020,3
22490,3
18080,3
8854,3
14289,3
9407,3
21661,3
12715,3
33518,3
11123,3
31638,3
11955,3
23928,3
14373,3
35199,3
13805,3
85242,3
16263,3
15417,3
14308,3
995,3
27725,3
42852,3
29740,3
18889,3
43864,3
11558,3
30856,3
11692,3
11918,3
62838,3
71668,3
20701,3
15849,3
37291,3
10906,3
13411,3
13257,3
3603,3
27327,3
5146,3
9562,3
21301,3
16617,3
14846,3
15644,3
11208,3
16232,3
4380,3
11099,3
11056,3
16186,3
14358,3
9042,3
17379,3
10073,3
10069,3
9530,3
9809,3
2357,3
1494,3
1683,3
9785,3
19912,3
283366,3
389015,3
301,3
11380,3
11422,3
42160,3
12289,3
15384,3
42188,3
37958,3
9604,3
1825,3
10485,3
9298,3
438,3
12556,3
17134,3
12834,3
42296,3
41446,3
38321,3
45658,3
49021,3
49527,3
70435,3
81796,3
88005,3
72559,3
49524,3
145220,3
329833,3
9599,3
18984,3
30192,3
14667,3
14328,3
26269,3
9405,3
9423,3
13005,3
15762,3
12212,3
20857,3
34723,3
10052,3
9544,3
11880,3
10623,3
5336,3
4917,3
10829,3
8689,3
15301,3
16296,3
11067,3
16234,3
10665,3
13851,3
13973,3
24150,3
11323,3
34813,3
40662,3
37410,3
8208,3
13346,3
3784,3
26475,3
12502,3
13990,3
26320,3
10676,3
15943,3
32081,3
16337,3
11223,3
12764,3
17897,3
21142,3
2669,3
13715,3
3980,3
10675,3
20391,3
1162,3
10740,3
2926,3
1444,3
257,3
8435,3
9782,3
31662,3
16642,3
38772,3
28971,3
23825,3
241554,3
9400,3
26291,3
10117,3
40506,3
12499,3
2779,3
12508,3
17708,3
13919,3
1546,3
27583,3
209403,3
41662,3
3598,3
8324,3
33909,3
49018,3
44833,3
138103,3
392044,3
50698,3
376570,3
27214,3
21349,3
32274,3
36739,3
36914,3
13704,3
9085,3
11185,3
9618,3
16769,3
9585,3
17496,3
11894,3
33783,3
12772,3
9953,3
9009,3
2959,3
15919,3
18509,3
32054,3
17898,3
39312,3
32590,3
2721,3
9613,3
22010,3
42994,3
12224,3
157834,3
19150,3
37557,3
26044,3
13915,3
103731,3
17663,3
17443,3
8439,3
17965,3
15677,3
2088,3
46992,3
16550,3
1378,3
13258,3
13382,3
12628,3
333352,3
10385,3
13787,3
31640,3
22073,3
11519,3
14588,3
9462,3
11442,3
2099,3
10204,3
11471,3
10664,3
69735,3
80389,3
11306,3
9986,3
659,3
26648,3
11167,3
15867,3
39266,3
11936,3
8217,3
19200,3
13333,3
41428,3
10001,3
13550,3
10894,3
8288,3
10944,3
43376,3
11939,3
3093,3
11559,3
4483,3
10239,3
20324,3
12172,3
14135,3
19666,3
11598,3
32076,3
49806,3
6072,3
9980,3
11038,3
24066,3
22160,3
26477,3
10126,3
8867,3
11447,3
28117,3
30194,3
49370,3
29047,3
31005,3
1613,3
1956,3
29355,3
15259,3
17403,3
10553,3
1376,3
11042,3
11169,3
15392,3
9692,3
12109,3
2152,3
10741,3
13680,3
7459,3
17464,3
9455,3
10538,3
11354,3
292,3
10671,3
21629,3
13637,3
43593,3
38073,3
49013,3
69798,3
156711,3
227306,3
323675,3
41791,3
9556,3
16184,3
20457,3
11020,3
5854,3
21887,3
21449,3
3101,3
43818,3
24965,3
16274,3
47955,3
8092,3
2045,3
1958,3
17266,3
28874,3
11675,3
11332,3
11344,3
313922,3
9874,3
145197,3
20115,3
4789,3
11606,3
6970,2
54287,2
38849,2
98851,2
85778,2
18299,2
19513,2
13898,2
4973,2
47608,2
38722,2
34152,2
44535,2
23945,2
52855,2
9763,2
36599,2
57022,2
6007,2
25284,2
6691,2
209263,2
242042,2
268238,2
18133,2
26133,2
64353,2
10360,2
25941,2
51209,2
192136,2
276907,2
500609,2
10324,2
85328,2
24662,2
17834,2
191874,2
17941,2
18937,2
53765,2
40866,2
37818,2
47947,2
30815,2
28902,2
28941,2
21185,2
29787,2
31618,2
16222,2
26956,2
33660,2
19405,2
9699,2
21386,2
15566,2
13352,2
3638,2
8277,2
39324,2
193380,2
198062,2
205724,2
177494,2
346592,2
253344,2
309809,2
316727,2
332340,2
27985,2
36344,2
16112,2
49805,2
41852,2
53113,2
24739,2
15192,2
11916,2
10629,2
10410,2
23908,2
192936,2
8468,2
13057,2
9588,2
27678,2
10304,2
18927,2
1123,2
4413,2
4517,2
9017,2
13012,2
13150,2
34812,2
13161,2
10176,2
38523,2
29461,2
30421,2
21589,2
32119,2
33245,2
18069,2
46924,2
10411,2
28165,2
28169,2
9395,2
20443,2
11503,2
12500,2
27418,2
29918,2
172545,2
17332,2
228205,2
36245,2
42124,2
11571,2
22596,2
11836,2
8327,2
11620,2
10319,2
192695,2
51452,2
233063,2
18839,2
331446,2
285783,2
419546,2
121856,2
12600,2
8617,2
27854,2
65889,2
35292,2
29372,2
22994,2
16094,2
18074,2
18919,2
2892,2
19601,2
26466,2
220289,2
254375,2
286565,2
238615,2
364150,2
406990,2
13589,2
9872,2
13122,2
14797,2
48677,2
10226,2
5709,2
61418,2
17132,2
108553,2
28285,2
26670,2
27804,2
2334,2
20565,2
68064,2
10486,2
10773,2
15624,2
13365,2
16083,2
10760,2
15651,2
13186,2
33003,2
8328,2
4959,2
15357,2
39545,2
41999,2
7484,2
284276,2
287689,2
307,2
27094,2
11524,2
45129,2
11502,2
15927,2
11577,2
13364,2
13771,2
44363,2
46420,2
43947,2
49730,2
72571,2
75674,2
71679,2
145135,2
10715,2
19155,2
12527,2
46797,2
23333,2
49133,2
66588,2
26963,2
14817,2
12771,2
19120,2
13673,2
9929,2
20873,2
11430,2
30863,2
13767,2
8359,2
14248,2
15159,2
13849,2
38842,2
44564,2
50359,2
51993,2
78480,2
54507,2
101519,2
72525,2
157360,2
115199,2
253306,2
301566,2
253272,2
50327,2
34560,2
17870,2
15567,2
320996,2
278316,2
284537,2
31139,2
57778,2
332210,2
26797,2
480409,2
479269,2
502616,2
26933,2
36758,2
40480,2
44326,2
9460,2
25319,2
10768,2
18086,2
27352,2
15785,2
50541,2
11465,2
12150,2
12472,2
26978,2
7219,2
5203,2
12262,2
6524,2
30068,2
20043,2
5916,2
26618,2
54714,2
10488,2
45958,2
59468,2
55301,2
147538,2
51333,2
31023,2
9027,2
24883,2
430,2
28292,2
10679,2
75802,2
10754,2
31442,2
20874,2
13925,2
7508,2
28205,2
62320,2
20453,2
20871,2
134481,2
86825,2
85889,2
110414,2
20147,2
87093,2
189197,2
1414,2
12660,2
112,2
11421,2
20616,2
14236,2
10186,2
19994,2
8952,2
37786,2
54054,2
62214,2
65851,2
116711,2
262481,2
226486,2
318224,2
239573,2
238215,2
347969,2
186759,2
389053,2
341012,2
331313,2
339396,2
397422,2
37022,2
324852,2
433310,2
32872,2
38295,2
30265,2
37636,2
31924,2
36094,2
10242,2
30266,2
9513,2
30508,2
100241,2
239568,2
228066,2
294963,2
10937,2
20312,2
11909,2
437,2
5206,2
4520,2
14943,2
8284,2
20178,2
37430,2
91550,2
51999,2
75761,2
170657,2
291270,2
273477,2
254302,2
330764,2
325348,2
301365,2
347031,2
318121,2
16876,2
37146,2
18603,2
21137,2
965,2
37088,2
15873,2
23531,2
10562,2
21355,2
5923,2
13965,2
42158,2
39541,2
11560,2
24767,2
9093,2
10243,2
41277,2
14696,2
26039,2
9918,2
10067,2
2447,2
10978,2
399106,2
3587,2
51241,2
48650,2
152584,2
57834,2
22621,2
25560,2
32669,2
33078,2
24349,2
42237,2
12537,2
21828,2
216,2
6619,2
7857,2
15659,2
12684,2
39437,2
39256,2
31306,2
20637,2
12481,2
29084,2
20271,2
37302,2
62127,2
14902,2
31459,2
33339,2
13936,2
12763,2
33680,2
43832,2
43828,2
3087,2
43436,2
37833,2
13696,2
701,2
62694,2
992,2
24807,2
3084,2
5698,2
118309,2
123723,2
11101,2
14832,2
39177,2
23383,2
28134,2
24584,2
8056,2
27141,2
42739,2
25636,2
18168,2
11398,2
7093,2
29572,2
32458,2
2057,2
2176,2
10373,2
16121,2
11834,2
10656,2
19076,2
20620,2
74692,2
13791,2
13201,2
15813,2
33152,2
10550,2
25468,2
16225,2
24186,2
11458,2
4613,2
156,2
11058,2
65460,2
14003,2
97370,2
407806,2
378064,2
346648,2
371638,2
446354,2
353081,2
39424,2
10786,2
17653,2
36947,2
877,2
3396,2
5889,2
19884,2
63076,2
32325,2
5801,2
10299,2
21626,2
10787,2
38153,2
77469,2
15059,2
29185,2
19973,2
12540,2
41801,2
32331,2
14040,2
123047,2
29204,2
21866,2
10856,2
15356,2
45649,2
68179,2
317182,2
315620,2
371759,2
64678,2
87516,2
376660,2
321612,2
68341,2
5951,2
42797,2
10447,2
24405,2
9054,2
11331,2
17661,2
41817,2
26789,2
22213,2
24873,2
36807,2
18885,2
10759,2
14976,2
17687,2
21200,2
1114,2
8357,2
842,2
2517,2
3875,2
11340,2
12657,2
8832,2
90125,2
96936,2
40772,2
14342,2
25748,2
31016,2
18722,2
10090,2
10628,2
2116,2
33823,2
8981,2
11237,2
11045,2
15045,2
25350,2
8968,2
11413,2
15648,2
10092,2
11968,2
16156,2
13275,2
9682,2
9766,2
8975,2
11170,2
1931,2
8398,2
5172,2
2267,2
9793,2
8988,2
13279,2
18781,2
26531,2
20735,2
6499,2
16508,2
17689,2
10650,2
273895,2
17585,2
17990,2
18329,2
870,2
41216,2
333040,2
2,2
13455,2
45324,2
47327,2
51620,2
55465,2
64720,2
57157,2
82525,2
60747,2
76640,2
77987,2
157386,2
157354,2
146238,2
126963,2
74461,2
68730,2
384521,2
200813,2
26580,2
33138,2
4441,2
21173,2
911,2
263109,2
310133,2
67323,2
70042,2
30959,2
63020,2
58985,2
49935,2
39953,2
573,2
44297,2
27475,2
10877,2
183,2
15516,2
13768,2
9538,2
9902,2
6646,2
13572,2
14980,2
11315,2
8991,2
10077,2
12487,2
10008,2
9966,2
10845,2
16768,2
14220,2
36223,2
13003,2
13964,2
13207,2
23988,2
26389,2
37821,2
44040,2
124837,2
1802,2
105045,2
11956,2
47908,2
32326,2
17962,2
29371,2
61416,2
44490,2
17474,2
18292,2
32961,2
17590,2
21923,2
14675,2
38554,2
193756,2
49022,2
60420,2
19762,2
1680,2
24951,2
12662,2
30237,2
33374,2
12501,2
33468,2
13762,2
10132,2
28650,2
10540,2
17043,2
46878,2
9975,2
1662,2
60855,2
22797,2
20595,2
5121,2
27452,2
17709,2
59861,2
75736,2
76757,2
239563,2
17402,2
31911,2
31000,2
387426,2
25921,2
13068,2
8457,2
12890,2
12797,2
12569,2
11699,2
7978,2
34423,2
52067,2
156700,2
14092,2
25237,2
9394,2
11260,2
17979,2
73861,2
77866,2
106747,2
136797,2
246355,2
268896,2
91586,2
133805,2
228326,2
280092,2
259693,2
33519,2
41848,2
18423,2
33644,2
12888,2
1610,2
27723,2
23439,2
15138,2
45964,2
13950,2
12227,2
35696,2
12251,2
11243,2
19975,2
12237,2
23943,2
9776,2
10407,2
20763,2
37696,2
15613,2
22590,2
13984,2
12281,2
11171,2
14199,2
1665,2
10781,2
10070,2
9903,2
2001,2
4723,2
53229,2
22387,2
28569,2
15462,2
19345,2
34615,2
40219,2
43634,2
158999,2
36040,2
452,2
44258,2
39543,2
42750,2
1040,2
42801,2
21348,2
42236,2
17320,2
24582,2
53094,2
13016,2
8265,2
15865,2
63581,2
24804,2
40623,2
27936,2
34803,2
34647,2
52013,2
56272,2
58151,2
65086,2
68727,2
157409,2
134350,2
170522,2
252171,2
308024,2
110390,2
223485,2
340275,2
315837,2
185789,2
409926,2
401246,2
9080,2
212778,2
34299,2
46785,2
48787,2
16885,2
32488,2
33743,2
13482,2
17169,2
10170,2
16938,2
18172,2
1059,2
14670,2
47724,2
21712,2
46503,2
306819,2
283587,2
310307,2
337170,2
72387,2
19429,2
266,2
11174,2
10238,2
8073,2
11482,2
11656,2
11506,2
18333,2
12079,2
10782,2
12877,2
1407,2
65599,2
46261,2
48231,2
72432,2
65760,2
20521,2
17362,2
26755,2
40724,2
25183,2
325789,2
84199,2
208134,2
159128,2
192102,2
299687,2
342521,2
13539,2
18828,2
49365,2
28774,2
36141,2
8744,2
19137,2
26851,2
10235,2
22718,2
10631,2
34996,2
9991,2
10009,2
9732,2
11427,2
15283,2
14609,2
9906,2
14001,2
2269,2
14011,2
13672,2
13394,2
194113,2
21641,2
23437,2
56590,2
39145,2
39101,2
24752,2
39104,2
84348,2
80280,2
109428,2
30061,2
83899,2
8841,2
10134,2
31606,2
13995,2
11198,2
9672,2
9053,2
71469,2
76285,2
218836,2
250546,2
147441,2
10317,2
267860,2
30943,2
37305,2
27223,2
17465,2
77350,2
41647,2
31417,2
25944,2
14398,2
2923,2
2887,2
16395,2
14864,2
934,2
3134,2
18030,2
10339,2
47818,2
24264,2
24008,2
15070,2
4561,2
26252,2
24993,2
897,2
48035,2
13912,2
24650,2
11942,2
5165,2
11796,2
32303,2
6081,2
41391,2
690,2
20108,2
14695,2
10294,2
151960,2
3022,2
37144,2
31064,2
18917,2
13184,2
12703,2
13836,2
46146,2
22907,2
41580,2
20967,2
896,2
32640,2
46991,2
47943,2
24113,2
78406,2
102304,2
38509,2
41090,2
22318,2
1618,2
31503,2
24453,2
26827,2
27745,2
11129,2
23655,2
14805,2
24828,2
51521,2
12806,2
26813,2
38965,2
19382,2
17190,2
19118,2
24077,2
48834,2
570,2
35080,2
16643,2
10081,2
10575,2
9260,2
30309,2
20861,2
15074,2
29339,2
10724,2
25872,2
13132,2
105024,2
1591,2
25461,2
51927,2
8409,2
12661,2
2470,2
61225,2
32235,2
20210,2
41759,2
36629,2
14603,2
1358,2
6723,2
47866,2
10718,2
9548,2
8842,2
25313,2
67,2
5820,2
15402,2
20604,2
8618,2
13668,2
13067,2
4858,2
13019,2
8285,2
22492,2
367412,2
376290,2
50837,2
14761,2
84287,2
10178,2
36652,2
22013,2
64685,2
39349,2
44113,2
14587,2
15104,2
13153,2
6472,2
15797,2
14623,2
445,2
32093,2
27932,2
10670,2
11950,2
11370,2
10164,2
17360,2
36791,2
8446,2
22976,2
11131,2
27085,2
19265,2
21910,2
22820,2
59968,2
68817,2
76489,2
67660,2
92591,2
77174,2
82700,2
157375,2
76544,2
137093,2
205220,2
64807,2
137094,2
222899,2
172385,2
254474,2
242022,2
234200,2
239678,2
284296,2
68737,2
201088,2
245706,2
330112,2
257445,2
325173,2
303858,2
384798,2
20468,2
14521,2
1050,2
13549,2
15665,2
34045,2
14267,2
28171,2
30924,2
38880,2
50314,2
11659,2
29264,2
12548,2
17592,2
7870,2
18094,2
159014,2
28288,2
18451,2
45019,2
30159,2
1978,2
31667,2
851,2
18254,2
35119,2
25673,2
28974,2
38921,2
20367,2
11215,2
52780,2
25208,2
40842,2
9062,2
69605,2
110428,2
3064,2
21721,2
25767,2
43802,2
43772,2
10805,2
37936,2
20139,2
34148,2
11424,2
12544,2
5185,2
14030,2
20,2
10389,2
24203,2
18410,2
3681,2
17641,2
31685,2
12708,2
4939,2
70881,2
987,2
23567,2
25300,2
20640,2
10435,2
33575,2
1926,2
27130,2
22682,2
16905,2
26516,2
16559,2
19414,2
13188,2
3019,2
1783,2
20417,2
14389,2
23601,2
18701,2
16992,2
57825,2
13967,2
68149,2
8953,2
21832,2
105077,2
48395,2
9023,2
5961,2
47762,2
10498,2
82533,2
133698,2
38167,2
19963,2
13396,2
84404,2
37725,2
36555,2
28178,2
3902,2
12655,2
26280,2
18320,2
10075,2
183894,2
1553,2
9731,2
28377,2
27983,2
345911,2
351286,2
348089,2
80215,2
21299,2
110147,2
14208,2
14207,2
14728,2
9369,2
241842,2
4515,2
11361,2
41240,2
48311,2
39964,2
5241,2
26953,2
303867,2
109451,2
23963,2
14191,2
662,2
169813,2
15916,2
250574,2
381283,2
10351,2
117553,2
31342,2
33839,2
9594,2
29702,2
10619,2
11384,2
9545,2
39434,2
26371,2
119569,2
37616,2
49981,2
36234,2
19124,2
10551,2
11212,2
44340,2
11504,2
2687,2
18857,2
12775,2
5842,2
45706,2
11537,2
1884,2
10372,2
9056,2
18305,2
8697,2
919,2
10753,2
42000,2
21519,2
11205,2
5488,2
114796,2
21521,2
8967,2
58428,2
19274,2
25539,2
34574,2
9300,2
12652,2
32519,2
24016,2
10102,2
11536,2
2148,2
19952,1
321640,1
28893,1
21874,1
39916,1
49636,1
11907,1
38548,1
10499,1
70282,1
58372,1
47939,1
6715,1
47867,1
87729,1
36357,1
95963,1
48992,1
8291,1
41225,1
125587,1
2149,1
80965,1
4475,1
37565,1
97365,1
228194,1
174337,1
264999,1
1583,1
250,1
60672,1
4972,1
12554,1
13635,1
37903,1
81895,1
64780,1
15044,1
13632,1
250658,1
246400,1
296313,1
259985,1
291343,1
140554,1
1659,1
1652,1
393764,1
425751,1
363444,1
2307,1
34314,1
17949,1
31535,1
40961,1
14612,1
66194,1
10349,1
18561,1
18890,1
24918,1
26554,1
117259,1
78248,1
32567,1
34857,1
33813,1
13358,1
36540,1
75725,1
13313,1
193976,1
45697,1
27190,1
242076,1
255268,1
289727,1
10258,1
294538,1
79218,1
286532,1
337879,1
351964,1
369879,1
362886,1
400411,1
327253,1
30416,1
37258,1
30368,1
20173,1
28032,1
2042,1
9519,1
22617,1
28761,1
13823,1
26142,1
9791,1
21344,1
30718,1
10046,1
14694,1
38344,1
8588,1
15163,1
9075,1
12994,1
12473,1
13405,1
14111,1
6687,1
12914,1
12247,1
10183,1
13251,1
13107,1
13256,1
38019,1
12690,1
14325,1
8338,1
61563,1
52038,1
12488,1
101230,1
6393,1
22067,1
10024,1
27585,1
83686,1
28070,1
11163,1
19236,1
35987,1
42122,1
9025,1
2029,1
4595,1
53961,1
47850,1
4627,1
34283,1
14711,1
23282,1
39413,1
31337,1
80125,1
59045,1
59255,1
160085,1
209232,1
137698,1
48347,1
32891,1
295538,1
319075,1
248933,1
17381,1
225728,1
263472,1
329263,1
277967,1
333377,1
278154,1
325385,1
371859,1
399019,1
391663,1
448448,1
64847,1
461805,1
37991,1
412103,1
7014,1
411516,1
433410,1
28469,1
4835,1
445651,1
19483,1
9748,1
33875,1
9846,1
18355,1
11911,1
49009,1
282035,1
452830,1
445571,1
399360,1
13976,1
25117,1
43774,1
4365,1
10355,1
23305,1
11178,1
11658,1
44772,1
21291,1
505,1
48129,1
20289,1
410921,1
27444,1
1277,1
10726,1
10918,1
19277,1
120328,1
29595,1
13075,1
9757,1
37292,1
15361,1
6641,1
13641,1
7861,1
12586,1
13636,1
13009,1
13808,1
33409,1
9592,1
40743,1
35203,1
6058,1
25572,1
63492,1
89874,1
31218,1
22805,1
252680,1
180296,1
14168,1
41975,1
9652,1
661,1
11490,1
4787,1
41439,1
30168,1
18467,1
176241,1
82505,1
102780,1
22309,1
9839,1
14892,1
97406,1
131957,1
36614,1
171857,1
73183,1
46063,1
63945,1
99479,1
124680,1
40454,1
127602,1
39391,1
1675,1
50285,1
33954,1
27459,1
27655,1
18250,1
18966,1
4271,1
55177,1
43128,1
54302,1
76804,1
11196,1
31063,1
43313,1
3118,1
8290,1
39345,1
28349,1
10177,1
460,1
17628,1
33810,1
46774,1
12795,1
15689,1
13517,1
13393,1
10063,1
2241,1
21427,1
13493,1
22100,1
37776,1
26235,1
55773,1
27134,1
19724,1
19508,1
15423,1
19585,1
14968,1
18595,1
15400,1
27390,1
57978,1
33728,1
19962,1
21467,1
13417,1
4180,1
25846,1
32068,1
39414,1
44718,1
16344,1
43810,1
52844,1
120843,1
47533,1
73884,1
67109,1
63375,1
9642,1
65759,1
16939,1
51875,1
26815,1
40770,1
52906,1
67166,1
45397,1
41153,1
44470,1
105538,1
2077,1
133463,1
178946,1
51985,1
173495,1
137312,1
39260,1
204810,1
206408,1
146375,1
85444,1
258096,1
48585,1
37133,1
77067,1
244403,1
123107,1
42441,1
24388,1
137347,1
32916,1
298533,1
27317,1
14749,1
19254,1
26190,1
14862,1
30178,1
14407,1
48132,1
85439,1
27850,1
48874,1
89247,1
9948,1
232572,1
102959,1
27866,1
251016,1
263105,1
11425,1
13590,1
252512,1
238302,1
33436,1
24696,1
237756,1
46836,1
253303,1
256924,1
50794,1
248574,1
5061,1
25973,1
20359,1
86541,1
19670,1
10450,1
16390,1
12902,1
119321,1
36972,1
60293,1
33723,1
329134,1
326215,1
30459,1
27412,1
278604,1
143634,1
343295,1
253255,1
287241,1
317981,1
32285,1
285840,1
315841,1
19636,1
13968,1
323792,1
230211,1
34729,1
13986,1
367326,1
53179,1
321751,1
104515,1
333088,1
26736,1
356486,1
92499,1
102051,1
32643,1
46632,1
16403,1
55495,1
387893,1
24784,1
34935,1
44238,1
387398,1
83501,1
296193,1
339116,1
55504,1
381289,1
16487,1
423122,1
36968,1
15314,1
19625,1
256608,1
263029,1
454361,1
460822,1
77557,1
390407,1
468366,1
152047,1
128756,1
188763,1
124117,1
22916,1
102461,1
44497,1
124829,1
30346,1
12238,1
27791,1
3076,1
13511,1
18111,1
36095,1
43860,1
18983,1
24634,1
29425,1
20815,1
9838,1
26517,1
41965,1
29146,1
33441,1
125052,1
16690,1
14423,1
12837,1
14438,1
10199,1
37924,1
33217,1
37169,1
38843,1
43939,1
60307,1
43959,1
59860,1
40694,1
13966,1
15734,1
23720,1
15179,1
22501,1
22500,1
41050,1
21028,1
38360,1
20992,1
66091,1
22257,1
46187,1
5544,1
47653,1
895,1
20848,1
2998,1
43430,1
13519,1
9597,1
9393,1
31056,1
6077,1
12555,1
43680,1
22358,1
24232,1
44338,1
23169,1
39768,1
49943,1
89704,1
20993,1
72185,1
64484,1
13931,1
38336,1
74308,1
63193,1
13042,1
13932,1
109584,1
83389,1
58244,1
27861,1
20803,1
49802,1
40897,1
37129,1
20894,1
20878,1
126319,1
249397,1
198375,1
157832,1
238628,1
110416,1
70966,1
265177,1
297222,1
285700,1
36129,1
321130,1
13643,1
13015,1
184155,1
32334,1
35428,1
42279,1
20870,1
104522,1
25936,1
20963,1
27937,1
10986,1
53210,1
34509,1
34513,1
49418,1
11441,1
25161,1
27924,1
27934,1
27935,1
46010,1
42275,1
31648,1
2798,1
359364,1
27940,1
84254,1
20975,1
127605,1
83456,1
127608,1
270393,1
126846,1
72093,1
72095,1
77294,1
365222,1
380111,1
33108,1
36161,1
36163,1
36162,1
333372,1
33065,1
77304,1
444706,1
129229,1
72215,1
419787,1
145760,1
213321,1
72203,1
77759,1
77762,1
74535,1
160046,1
195065,1
213313,1
165095,1
193216,1
406403,1
30163,1
6079,1
435041,1
79701,1
70061,1
196649,1
91673,1
72199,1
79216,1
16275,1
339877,1
118628,1
47585,1
61807,1
30140,1
146837,1
147129,1
103732,1
184345,1
187596,1
308571,1
191489,1
46967,1
32836,1
102517,1
31981,1
309299,1
278468,1
216553,1
289333,1
259395,1
250556,1
20720,1
74510,1
300685,1
396292,1
377462,1
404022,1
376482,1
346685,1
421854,1
338964,1
413361,1
393561,1
345922,1
24439,1
437752,1
435351,1
444705,1
417644,1
353569,1
373569,1
419700,1
397442,1
260514,1
430830,1
455601,1
447818,1
456193,1
336890,1
345914,1
461634,1
466986,1
472424,1
298718,1
431530,1
469019,1
470616,1
490928,1
487156,1
488223,1
494368,1
497520,1
502892,1
42726,1
4639,1
323373,1
404378,1
214030,1
242095,1
244506,1
283330,1
265208,1
266396,1
305091,1
334543,1
273197,1
45929,1
4031,1
9812,1
53116,1
1450,1
38199,1
54186,1
42521,1
79896,1
74306,1
86555,1
80468,1
73567,1
71883,1
27584,1
119360,1
268523,1
228108,1
335819,1
19100,1
282069,1
282070,1
58431,1
302026,1
329004,1
378779,1
337674,1
396535,1
402193,1
417427,1
18762,1
18435,1
11317,1
13691,1
10345,1
13963,1
31510,1
10871,1
10209,1
13817,1
43002,1
26791,1
40555,1
33796,1
27945,1
5917,1
21868,1
41164,1
6016,1
5921,1
12920,1
111969,1
130739,1
127517,1
186988,1
256057,1
158182,1
330348,1
429189,1
9977,1
30892,1
52470,1
85689,1
25566,1
26520,1
32044,1
33766,1
13197,1
4832,1
86369,1
28463,1
32489,1
17185,1
14024,1
14551,1
618,1
3059,1
28963,1
28421,1
18987,1
31511,1
43307,1
43892,1
30506,1
12219,1
202241,1
59017,1
228074,1
15477,1
16375,1
12229,1
20682,1
26689,1
9702,1
41282,1
10685,1
29122,1
21620,1
49453,1
6106,1
10034,1
27593,1
22910,1
3780,1
9039,1
68569,1
21925,1
542,1
12490,1
102,1
21052,1
20439,1
54580,1
50350,1
19433,1
15920,1
19184,1
9065,1
20067,1
44539,1
80518,1
308032,1
201223,1
327536,1
245917,1
390734,1
357786,1
225745,1
419639,1
362584,1
362585,1
385805,1
390319,1
433092,1
312174,1
378236,1
339692,1
413594,1
430214,1
431819,1
364689,1
482004,1
422615,1
426285,1
432985,1
71172,1
255413,1
297825,1
333623,1
360617,1
432131,1
445030,1
479308,1
483455,1
45565,1
35936,1
16380,1
24130,1
1567,1
9028,1
15119,1
7090,1
3763,1
7500,1
13073,1
21710,1
22279,1
15730,1
83718,1
198469,1
80713,1
2302,1
11033,1
19460,1
38867,1
1944,1
13998,1
21055,1
9310,1
12683,1
8391,1
221917,1
15247,1
19958,1
11508,1
43950,1
10921,1
37632,1
10942,1
54318,1
16068,1
15289,1
16999,1
34069,1
10473,1
51239,1
252360,1
300803,1
175774,1
91417,1
398854,1
279229,1
337556,1
17571,1
111196,1
194101,1
399170,1
353491,1
458423,1
146599,1
14583,1
61337,1
38618,1
34774,1
31361,1
70801,1
32031,1
11570,1
26263,1
34746,1
14144,1
13173,1
12621,1
10523,1
15497,1
27899,1
25500,1
6478,1
34561,1
32588,1
8340,1
26332,1
12776,1
36940,1
70074,1
56909,1
173153,1
37368,1
118098,1
9827,1
29251,1
30114,1
18943,1
23995,1
51036,1
44181,1
26811,1
9775,1
13280,1
21972,1
12253,1
16072,1
20483,1
16358,1
10105,1
6439,1
13498,1
14177,1
27360,1
7233,1
9074,1
23478,1
16555,1
16385,1
2312,1
8090,1
8456,1
12912,1
17335,1
18126,1
20107,1
44603,1
30527,1
250798,1
128767,1
399035,1
17644,1
31037,1
10649,1
42566,1
48303,1
59820,1
40751,1
16171,1
5471,1
5289,1
14410,1
24271,1
37931,1
45772,1
21469,1
44835,1
82532,1
76360,1
68812,1
256561,1
157851,1
339988,1
288171,1
341013,1
456750,1
22744,1
33324,1
13222,1
16666,1
32302,1
256876,1
45227,1
290157,1
24798,1
28476,1
57946,1
15237,1
37272,1
11940,1
59930,1
22314,1
10496,1
24920,1
10391,1
10984,1
61054,1
20304,1
19185,1
25224,1
8080,1
27414,1
17467,1
13716,1
37527,1
13409,1
1947,1
9910,1
9568,1
45759,1
9656,1
4283,1
13121,1
14456,1
1961,1
13856,1
23202,1
25296,1
37567,1
113273,1
42881,1
48233,1
22597,1
34101,1
55551,1
28124,1
35651,1
26560,1
25113,1
27070,1
11156,1
239566,1
37191,1
40206,1
35115,1
45153,1
28736,1
3486,1
16780,1
26522,1
2193,1
57855,1
18118,1
2160,1
24100,1
4918,1
13795,1
14911,1
41963,1
27591,1
31682,1
1682,1
9842,1
59533,1
47684,1
110972,1
23518,1
51763,1
13647,1
25898,1
1623,1
21544,1
42738,1
39486,1
50357,1
82696,1
307663,1
16097,1
40773,1
80287,1
337703,1
394269,1
12538,1
12493,1
152426,1
14137,1
10071,1
16258,1
14141,1
19840,1
265180,1
222936,1
188222,1
343371,1
335970,1
8881,1
8880,1
26428,1
203833,1
204082,1
169917,1
246080,1
304357,1
332270,1
294016,1
380254,1
267192,1
410199,1
329289,1
340666,1
332567,1
396422,1
406563,1
19092,1
46702,1
25749,1
47288,1
28156,1
25447,1
16161,1
15142,1
40508,1
11456,1
29515,1
37964,1
15901,1
16028,1
16363,1
24961,1
1415,1
76176,1
13937,1
18209,1
77780,1
52560,1
11637,1
12142,1
7873,1
13171,1
5718,1
21373,1
14435,1
18543,1
21029,1
14254,1
43103,1
14698,1
40085,1
31094,1
980,1
14638,1
65012,1
12649,1
29492,1
46029,1
60285,1
209799,1
287084,1
268159,1
77771,1
4837,1
25364,1
8420,1
4486,1
58429,1
2528,1
10293,1
15098,1
29845,1
5055,1
8440,1
42632,1
42791,1
31217,1
803,1
34528,1
36872,1
34530,1
789,1
2860,1
24402,1
18311,1
37563,1
5470,1
29587,1
36246,1
29259,1
5204,1
44154,1
50183,1
45267,1
88953,1
84954,1
16998,1
1963,1
58923,1
12271,1
49870,1
54546,1
14771,1
46492,1
6936,1
13180,1
13177,1
6968,1
16279,1
16440,1
19929,1
72083,1
91262,1
24869,1
23127,1
33806,1
30238,1
174598,1
51120,1
94706,1
36970,1
52903,1
36443,1
37659,1
85692,1
38568,1
39440,1
63578,1
54293,1
18438,1
56831,1
367647,1
54527,1
52077,1
65034,1
59852,1
37239,1
76543,1
53487,1
77801,1
40658,1
59006,1
269963,1
54146,1
28500,1
58383,1
84341,1
69372,1
128190,1
93858,1
86282,1
130824,1
80662,1
84319,1
192133,1
262543,1
79723,1
263614,1
215032,1
25518,1
22285,1
126644,1
250225,1
72585,1
249688,1
194537,1
125336,1
195862,1
105554,1
269711,1
47759,1
321109,1
17922,1
60843,1
292431,1
134777,1
308084,1
319996,1
319073,1
211005,1
329020,1
39850,1
371492,1
336808,1
314029,1
359871,1
245913,1
359412,1
390410,1
463612,1
110775,1
483184,1
297725,1
500475,1
51179,1
47697,1
171982,1
27362,1
19267,1
72277,1
1126,1
13752,1
44716,1
53596,1
27036,1
30341,1
37891,1
43933,1
61984,1
72867,1
19600,1
10503,1
447682,1
525662,1
79159,1
487541,1
364002,1
479871,1
48610,1
460631,1
40860,1
14044,1
141714,1
76758,1
202141,1
178446,1
49381,1
11532,1
16162,1
36763,1
43807,1
10728,1
11034,1
25095,1
29453,1
1093,1
11835,1
2014,1
13054,1
16725,1
14061,1
51828,1
55779,1
59437,1
17685,1
14922,1
14054,1
17494,1
23378,1
33740,1
17208,1
14050,1
26397,1
83660,1
36056,1
52705,1
113916,1
26011,1
49950,1
72744,1
17435,1
335777,1
420707,1
86597,1
249164,1
284427,1
300302,1
227973,1
11103,1
13821,1
74340,1
26355,1
134368,1
50116,1
35463,1
31593,1
39113,1
20625,1
64246,1
58770,1
38006,1
65632,1
6974,1
15096,1
30709,1
26946,1
11222,1
35072,1
44585,1
31634,1
31397,1
22561,1
25209,1
24241,1
36815,1
14241,1
19103,1
18724,1
2973,1
25694,1
37618,1
70862,1
37464,1
37467,1
9077,1
10891,1
11647,1
10214,1
9674,1
12700,1
8555,1
11910,1
17445,1
34003,1
41283,1
55846,1
31967,1
13640,1
22855,1
39103,1
18095,1
61012,1
15257,1
76589,1
177271,1
109099,1
21683,1
13194,1
15359,1
242643,1
280276,1
303857,1
92060,1
382322,1
296524,1
315011,1
346672,1
305470,1
65595,1
24660,1
24357,1
24914,1
274855,1
402897,1
24362,1
31165,1
9904,1
10832,1
2274,1
9072,1
9954,1
10172,1
22949,1
52454,1
14863,1
134411,1
302429,1
293970,1
30296,1
383121,1
9711,1
28295,1
17664,1
8785,1
109479,1
36724,1
16139,1
11569,1
22021,1
22048,1
22478,1
22477,1
10222,1
26535,1
19209,1
11698,1
42517,1
16664,1
6404,1
34070,1
14269,1
12232,1
1563,1
41426,1
6949,1
28942,1
40423,1
14815,1
42602,1
41876,1
10338,1
11507,1
19552,1
8075,1
26372,1
29455,1
11602,1
20481,1
24341,1
22642,1
20532,1
5722,1
4497,1
10970,1
12206,1
800,1
44026,1
7348,1
26606,1
22307,1
41821,1
27430,1
1942,1
48463,1
37748,1
14750,1
7548,1
1561,1
13141,1
13158,1
14873,1
42884,1
10989,1
11556,1
11304,1
14748,1
21334,1
44379,1
12582,1
97447,1
55903,1
327029,1
147729,1
31522,1
42731,1
268531,1
13389,1
9063,1
14019,1
11928,1
12411,1
85860,1
38925,1
12632,1
29444,1
47199,1
26626,1
1959,1
78373,1
19381,1
24081,1
2162,1
62994,1
10381,1
14484,1
16129,1
48213,1
47295,1
20850,1
46119,1
63956,1
19324,1
26156,1
12704,1
34379,1
15940,1
25221,1
9967,1
25985,1
13794,1
47817,1
15267,1
34014,1
22711,1
30352,1
27461,1
32059,1
12478,1
31608,1
21538,1
45864,1
58886,1
50562,1
13503,1
12659,1
35650,1
14778,1
33135,1
24549,1
10627,1
259557,1
24585,1
35944,1
35337,1
59199,1
69324,1
56179,1
27834,1
18408,1
52258,1
27451,1
26290,1
26056,1
15720,1
12590,1
16351,1
34341,1
35612,1
14931,1
53027,1
24742,1
24830,1
16229,1
24621,1
17813,1
47676,1
554,1
24558,1
24356,1
45096,1
15292,1
21989,1
21413,1
333,1
22200,1
27590,1
10337,1
11707,1
13339,1
28200,1
52036,1
40427,1
27329,1
17736,1
16941,1
28026,1
61487,1
26108,1
48678,1
126148,1
16515,1
10609,1
38148,1
25248,1
2287,1
14166,1
38785,1
9959,1
7872,1
9664,1
7510,1
14055,1
16018,1
1950,1
13894,1
1990,1
4629,1
14118,1
7944,1
10748,1
27586,1
84355,1
157849,1
251232,1
309245,1
334495,1
432192,1
334521,1
396398,1
354287,1
432976,1
396371,1
58102,1
31701,1
3177,1
14687,1
53190,1
59490,1
241620,1
55785,1
77365,1
23834,1
25783,1
2670,1
13359,1
18158,1
14584,1
8738,1
18647,1
261414,1
17667,1
17180,1
26942,1
14430,1
14365,1
19341,1
9534,1
13689,1
13510,1
21191,1
19918,1
16335,1
58704,1
45928,1
24977,1
16370,1
12779,1
13440,1
24559,1
26573,1
71864,1
47881,1
31947,1
32305,1
144953,1
29076,1
27841,1
58048,1
19419,1
43109,1
44412,1
14460,1
4192,1
39002,1
60276,1
10696,1
33525,1
11938,1
39154,1
19133,1
31278,1
21764,1
31646,1
66918,1
11890,1
37662,1
2071,1
113739,1
16969,1
28586,1
10544,1
48385,1
27545,1
831,1
12535,1
6341,1
66600,1
22553,1
22575,1
11565,1
1666,1
13210,1
182,1
22049,1
11211,1
14251,1
7343,1
13649,1
13655,1
51247,1
16325,1
13975,1
11115,1
28053,1
22640,1
25927,1
34563,1
31723,1
39053,1
36801,1
40247,1
40850,1
24122,1
41479,1
38031,1
41556,1
48838,1
42684,1
46829,1
46528,1
50204,1
50725,1
49494,1
38322,1
53172,1
57586,1
48572,1
70868,1
65055,1
88794,1
73499,1
30618,1
51995,1
63574,1
72842,1
74998,1
84200,1
79548,1
70436,1
54271,1
89326,1
12645,1
81836,1
95516,1
84165,1
85414,1
83403,1
100529,1
84306,1
94348,1
126797,1
113947,1
96724,1
135708,1
73935,1
58547,1
97614,1
87504,1
40722,1
139567,1
88042,1
133694,1
135921,1
84336,1
118677,1
162145,1
121824,1
109491,1
158011,1
127867,1
59963,1
109410,1
42699,1
174321,1
165739,1
119675,1
120292,1
136386,1
77950,1
192126,1
177699,1
146227,1
121676,1
109091,1
41602,1
174311,1
122796,1
243531,1
137968,1
157099,1
99367,1
137321,1
210047,1
249923,1
21474,1
244509,1
254473,1
194722,1
198185,1
184098,1
253235,1
209269,1
229297,1
273404,1
286709,1
244761,1
208869,1
205587,1
266285,1
185567,1
260001,1
256092,1
295315,1
206821,1
261037,1
303623,1
297596,1
270005,1
245916,1
15261,1
277547,1
243684,1
294652,1
256740,1
268171,1
284536,1
108181,1
250066,1
309503,1
308638,1
72784,1
241251,1
325358,1
278632,1
290764,1
228203,1
228968,1
298093,1
278990,1
313074,1
319389,1
192712,1
249070,1
275601,1
306482,1
301728,1
258099,1
287424,1
268920,1
259954,1
333381,1
307931,1
254024,1
324333,1
312796,1
317744,1
240483,1
309887,1
79698,1
29419,1
301748,1
182560,1
282984,1
318781,1
277546,1
290751,1
258284,1
245168,1
334538,1
330206,1
301228,1
316042,1
244316,1
333287,1
304372,1
253414,1
298382,1
339527,1
360203,1
300693,1
323656,1
237584,1
344041,1
256687,1
272548,1
312669,1
331962,1
337029,1
340255,1
21266,1
300673,1
258363,1
20051,1
353609,1
332721,1
359025,1
315664,1
302688,1
254952,1
351065,1
301608,1
353326,1
366901,1
7237,1
326423,1
153518,1
332411,1
384737,1
386891,1
337154,1
339397,1
308531,1
278348,1
294272,1
337874,1
274504,1
403232,1
314420,1
390989,1
374617,1
298583,1
377492,1
379990,1
394822,1
406992,1
377448,1
343611,1
334532,1
376003,1
381064,1
390587,1
125537,1
49184,1
29946,1
29649,1
55420,1
11220,1
65075,1
24825,1
27930,1
16993,1
28528,1
19753,1
833,1
20303,1
33222,1
30080,1
34328,1
28030,1
14262,1
3870,1
12664,1
10700,1
15383,1
30365,1
13362,1
26763,1
50071,1
55244,1
123678,1
146015,1
197082,1
26702,1
326094,1
148184,1
340611,1
376867,1
392820,1
411019,1
353575,1
432987,1
121870,1
458737,1
490003,1
424781,1
487558,1
13483,1
9022,1
12192,1
23172,1
10005,1
9524,1
18551,1
54405,1
10971,1
21879,1
26912,1
28043,1
40154,1
1413,1
2021,1
25670,1
43795,1
43905,1
22733,1
22649,1
39940,1
2033,1
28120,1
26949,1
55146,1
50512,1
77223,1
312,1
32284,1
65203,1
42861,1
43277,1
43278,1
33667,1
2370,1
5780,1
2761,1
28519,1
3309,1
3079,1
55955,1
108312,1
3526,1
39780,1
56235,1
34760,1
20024,1
113096,1
113279,1
73079,1
195,1
20540,1
29263,1
23283,1
27033,1
43258,1
42010,1
95682,1
19490,1
2428,1
33676,1
21309,1
27397,1
12505,1
20006,1
11385,1
58062,1
22874,1
248,1
55727,1
18192,1
228,1
11414,1
5052,1
10269,1
31674,1
32499,1
33668,1
18646,1
38147,1
31805,1
21970,1
55106,1
28907,1
28577,1
13909,1
88818,1
3640,1
18913,1
19049,1
5506,1
32568,1
15173,1
11868,1
39874,1
1941,1
31918,1
19662,1
11617,1
1377,1
42371,1
32625,1
43886,1
9082,1
81001,1
15600,1
12112,1
33364,1
59401,1
21867,1
36362,1
23159,1
15347,1
42618,1
17057,1
24982,1
13438,1
18385,1
43239,1
51391,1
38720,1
21027,1
43490,1
2263,1
43516,1
52758,1
33454,1
17920,1
26195,1
41206,1
24192,1
19542,1
34044,1
5653,1
5168,1
83714,1
43739,1
31206,1
28658,1
21525,1
279714,1
158413,1
5000,1
17831,1
11583,1
2612,1
28293,1
43875,1
31798,1
20325,1
19075,1
41465,1
27972,1
898,1
3089,1
1594,1
32318,1
11839,1
42045,1
25016,1
22289,1
13433,1
14757,1
131313,1
23152,1
16227,1
16933,1
18995,1
25935,1
43236,1
65066,1
68440,1
502,1
26976,1
32430,1
25508,1
18978,1
27171,1
37296,1
44098,1
25009,1
40092,1
14589,1
14594,1
14590,1
14595,1
20644,1
29049,1
36206,1
3075,1
14703,1
12205,1
33632,1
14554,1
631,1
29592,1
22522,1
20643,1
34847,1
41779,1
42814,1
26319,1
39871,1
16391,1
26254,1
35151,1
40894,1
18398,1
80708,1
18712,1
37658,1
54568,1
28571,1
123665,1
43336,1
62000,1
41495,1
43805,1
17820,1
42812,1
1997,1
24908,1
10606,1
43466,1
23724,1
43004,1
15244,1
32294,1
41463,1
43485,1
41316,1
5179,1
20408,1
18706,1
34327,1
84214,1
2438,1
65550,1
1435,1
16131,1
174787,1
33377,1
41253,1
42359,1
1405,1
939,1
25768,1
39130,1
31773,1
17801,1
38914,1
20246,1
3766,1
45578,1
43388,1
3111,1
28696,1
31962,1
43442,1
39472,1
42390,1
19765,1
42719,1
15907,1
25890,1
7509,1
35555,1
14201,1
18615,1
3549,1
1988,1
12901,1
14279,1
17771,1
36107,1
28176,1
9689,1
25955,1
25504,1
10981,1
37910,1
40819,1
24018,1
30547,1
28368,1
11300,1
40932,1
27458,1
2894,1
17710,1
19953,1
19507,1
73265,1
210937,1
24747,1
228890,1
13169,1
14544,1
14256,1
9950,1
13816,1
10722,1
161080,1
18088,1
16638,1
14175,1
10946,1
33273,1
50004,1
71689,1
75964,1
71688,1
77561,1
103747,1
82650,1
99770,1
77875,1
85872,1
172828,1
83201,1
236737,1
209451,1
146381,1
25462,1
13098,1
16136,1
26367,1
38674,1
51038,1
68098,1
1845,1
27719,1
148435,1
21245,1
25335,1
60678,1
148432,1
39356,1
64029,1
198306,1
198308,1
419680,1
26271,1
38955,1
298312,1
321528,1
20239,1
17133,1
26899,1
7342,1
17741,1
9499,1
10922,1
12254,1
13971,1
18489,1
45745,1
47979,1
18093,1
65229,1
15157,1
45708,1
57243,1
147269,1
86812,1
13761,1
12242,1
17808,1
159704,1
286873,1
150689,1
38918,1
217412,1
30789,1
37843,1
30062,1
4986,1
15035,1
29343,1
44932,1
11905,1
25241,1
33258,1
10375,1
25389,1
21159,1
12707,1
16220,1
10017,1
38761,1
13948,1
114735,1
74849,1
44859,1
295884,1
125464,1
267935,1
5434,1
87852,1
19761,1
106035,1
485517,1
395990,1
407451,1
419831,1
437557,1
427641,1
455980,1
33379,1
13580,1
215993,1
46138,1
51162,1
51052,1
81025,1
202043,1
263947,1
215999,1
92171,1
230657,1
13654,1
141819,1
68309,1
95610,1
413770,1
18841,1
5996,1
50008,1
44756,1
18884,1
76180,1
92321,1
17346,1
75301,1
84327,1
212063,1
86705,1
318044,1
318256,1
324325,1
367735,1
400608,1
408546,1
411009,1
16729,1
42293,1
131244,1
258357,1
3934,1
38802,1
82623,1
31514,1
18691,1
210860,1
9564,1
13460,1
13980,1
2395,1
8980,1
23047,1
50321,1
152790,1
203793,1
84111,1
290999,1
300168,1
86828,1
218784,1
284514,1
375366,1
65749,1
244688,1
28121,1
41769,1
27764,1
27767,1
40760,1
40446,1
78140,1
27322,1
341174,1
230896,1
194310,1
19848,1
57976,1
20337,1
16428,1
15363,1
15320,1
141489,1
47449,1
81949,1
32146,1
11357,1
6917,1
9453,1
33762,1
55667,1
26954,1
26957,1
26958,1
541,1
18835,1
12716,1
12717,1
14645,1
21035,1
7229,1
16133,1
15097,1
17350,1
8827,1
19955,1
25205,1
41211,1
85735,1
157820,1
17684,1
188166,1
39385,1
18303,1
364067,1
383809,1
432959,1
13509,1
38783,1
12485,1
32250,1
16315,1
18912,1
10025,1
10118,1
10188,1
12689,1
23049,1
24438,1
22971,1
35690,1
34806,1
38303,1
38117,1
59965,1
77877,1
76494,1
80271,1
112949,1
200727,1
206296,1
283350,1
9965,1
24166,1
2546,1
41059,1
48365,1
1483,1
15080,1
7974,1
27040,1
25078,1
22302,1
25050,1
41058,1
46788,1
72431,1
72545,1
129112,1
44865,1
121986,1
132363,1
235260,1
249660,1
221902,1
230779,1
149871,1
75491,1
84575,1
271969,1
270400,1
334074,1
280996,1
323272,1
245698,1
354216,1
335778,1
205584,1
323677,1
44351,1
370755,1
365942,1
393457,1
418078,1
429733,1
396493,1
413362,1
49126,1
10281,1
29794,1
48660,1
32043,1
13555,1
77915,1
113286,1
53862,1
215875,1
31681,1
12767,1
1989,1
31299,1
29064,1
31407,1
81530,1
15850,1
21512,1
33255,1
49689,1
3072,1
36786,1
47819,1
886,1
2577,1
42164,1
12088,1
20536,1
81003,1
48259,1
24575,1
53879,1
104301,1
12584,1
109560,1
62422,1
161795,1
37498,1
114719,1
73642,1
47596,1
39176,1
40220,1
931,1
12719,1
12629,1
33521,1
13581,1
9261,1
2047,1
14249,1
42740,1
17047,1
52794,1
19086,1
5122,1
18212,1
21056,1
321,1
15708,1
294,1
28031,1
9653,1
19316,1
1544,1
10520,1
17483,1
12808,1
19375,1
16240,1
31216,1
21634,1
174323,1
248212,1
192623,1
267573,1
117098,1
254936,1
258480,1
354556,1
273899,1
401650,1
211387,1
430423,1
460135,1
303854,1
49809,1
34220,1
336843,1
449176,1
51242,1
242090,1
244264,1
279828,1
31643,1
31546,1
21612,1
42424,1
47452,1
21132,1
25723,1
17037,1
67067,1
35412,1
23939,1
26889,1
11428,1
28605,1
33250,1
56715,1
26483,1
23752,1
25884,1
21362,1
17882,1
20713,1
1380,1
17819,1
25155,1
20678,1
15050,1
9272,1
14807,1
25014,1
29135,1
41805,1
41582,1
34086,1
12647,1
16471,1
9491,1
11244,1
16425,1
107569,1
9581,1
68927,1
8046,1
16405,1
10618,1
21627,1
21219,1
5493,1
47095,1
10804,1
23719,1
11018,1
51145,1
34151,1
126117,1
16113,1
17956,1
15618,1
10690,1
38749,1
10652,1
65137,1
76516,1
38582,1
53287,1
53198,1
1492,1
36616,1
16248,1
29715,1
41212,1
50789,1
27331,1
1410,1
10711,1
10640,1
149645,1
7012,1
12615,1
16082,1
26555,1
17421,1
22572,1
49314,1
13192,1
25943,1
9399,1
14571,1
25330,1
34376,1
6463,1
40082,1
41778,1
19371,1
18998,1
17796,1
12613,1
30330,1
2061,1
30983,1
12095,1
27260,1
23356,1
17985,1
17074,1
53048,1
81540,1
36222,1
16209,1
25757,1
40876,1
9694,1
26766,1
10694,1
2436,1
10951,1
29578,1
15771,1
22434,1
12778,1
28448,1
16972,1
9463,1
38643,1
13064,1
15767,1
12574,1
11309,1
17824,1
11328,1
46917,1
27031,1
79406,1
16433,1
12701,1
1969,1
31894,1
7515,1
18009,1
19286,1
19287,1
9389,1
8982,1
80919,1
16270,1
31692,1
14474,1
15265,1
24055,1
27295,1
11330,1
24200,1
170261,1
5857,1
2335,1
14786,1
13529,1
8414,1
244797,1
24732,1
41845,1
12246,1
1266,1
12400,1
45408,1
13675,1
18846,1
13300,1
76406,1
20421,1
16558,1
15577,1
17740,1
16164,1
34300,1
41682,1
29963,1
36800,1
18176,1
3513,1
28089,1
13855,1
21453,1
45576,1
26623,1
32688,1
28355,1
37861,1
15877,1
15102,1
35552,1
28609,1
39210,1
44129,1
42297,1
14556,1
39029,1
38684,1
23521,1
56780,1
39410,1
51533,1
24792,1
57361,1
209802,1
48289,1
58699,1
58878,1
44754,1
94174,1
101173,1
55741,1
73700,1
25831,1
63493,1
91356,1
39144,1
116776,1
39100,1
34433,1
39105,1
83191,1
44251,1
39106,1
16716,1
39323,1
110354,1
97430,1
18867,1
34280,1
110392,1
38010,1
43650,1
55892,1
16150,1
197467,1
197481,1
86843,1
91739,1
53928,1
136418,1
30963,1
58447,1
17282,1
102059,1
55370,1
39102,1
39148,1
6418,1
25706,1
20880,1
27460,1
88573,1
27286,1
234862,1
55596,1
44092,1
17009,1
21811,1
88107,1
17135,1
120605,1
19946,1
68352,1
289394,1
133365,1
47003,1
80985,1
36983,1
89292,1
37058,1
196750,1
44664,1
335145,1
14572,1
37588,1
36692,1
72886,1
88673,1
253622,1
65973,1
293299,1
62931,1
212168,1
50162,1
5846,1
74836,1
268788,1
222619,1
18874,1
40123,1
29398,1
234004,1
3786,1
13125,1
293670,1
37433,1
49037,1
118430,1
44510,1
16909,1
409696,1
29136,1
146836,1
414425,1
378018,1
11795,1
367147,1
14611,1
74336,1
20211,1
55728,1
44015,1
38966,1
26787,1
429200,1
103008,1
475759,1
400617,1
31615,1
22611,1
42879,1
14320,1
33115,1
21631,1
25119,1
324308,1
124626,1
89333,1
30157,1
30304,1
87078,1
5879,1
41878,1
124472,1
68445,1
49963,1
23223,1
116844,1
30180,1
28198,1
28005,1
47694,1
45671,1
65046,1
108401,1
21253,1
60033,1
27332,1
4975,1
13818,1
24525,1
42113,1
77936,1
30950,1
25471,1
25232,1
33430,1
10056,1
51679,1
142132,1
60994,1
21430,1
42006,1
8672,1
36773,1
79515,1
28172,1
68427,1
33516,1
125709,1
123757,1
42159,1
44018,1
32275,1
34689,1
4780,1
31941,1
4484,1
44321,1
16180,1
66092,1
16934,1
18256,1
56428,1
92769,1
40926,1
29911,1
7096,1
11848,1
14113,1
9703,1
9795,1
14849,1
17632,1
24418,1
61872,1
36834,1
49980,1
51980,1
23637,1
68806,1
25403,1
38884,1
23114,1
36998,1
61461,1
76996,1
29825,1
125124,1
31995,1
27104,1
8129,1
43978,1
5622,1
11489,1
36210,1
62463,1
28973,1
24167,1
10434,1
10297,1
24382,1
12774,1
41946,1
65015,1
27431,1
166,1
1716,1
67385,1
1791,1
14117,1
12308,1
39833,1
23550,1
6399,1
31679,1
12579,1
85058,1
13386,1
49934,1
29743,1
171,1
11706,1
10599,1
15802,1
42130,1
23942,1
22233,1
49680,1
17729,1
47715,1
42541,1
38171,1
35265,1
12530,1
53021,1
54898,1
2891,1
11475,1
12531,1
29161,1
11012,1
4823,1
8222,1
33517,1
18904,1
11221,1
42989,1
17993,1
43096,1
18387,1
10573,1
26451,1
44494,1
62395,1
19051,1
18499,1
47959,1
43904,1
43874,1
41609,1
43137,1
61280,1
8221,1
4043,1
47714,1
48150,1
19223,1
8765,1
3716,1
43423,1
26955,1
38970,1
29987,1
42420,1
47876,1
8422,1
8016,1
42222,1
51945,1
42229,1
19971,1
39225,1
43881,1
26810,1
20345,1
1967,1
1379,1
148,1
11689,1
41937,1
10846,1
1595,1
11578,1
11972,1
1993,1
7972,1
8272,1
7797,1
11160,1
8429,1
64968,1
25472,1
21183,1
48686,1
13369,1
13573,1
18923,1
77120,1
14434,1
5757,1
49471,1
20455,1
40095,1
22784,1
25838,1
36273,1
16407,1
11429,1
10347,1
14510,1
42694,1
17905,1
12637,1
13481,1
13514,1
63418,1
8852,1
11847,1
13899,1
27324,1
10361,1
12583,1
11662,1
34326,1
25074,1
11636,1
22908,1
28638,1
37939,1
5072,1
6948,1
10790,1
14240,1
10961,1
523,1
15667,1
12171,1
11908,1
13059,1
24411,1
13312,1
11152,1
13848,1
10842,1
13022,1
13515,1
14298,1
14458,1
16456,1
8938,1
88435,1
13220,1
16342,1
13492,1
13094,1
21407,1
12403,1
30685,1
24056,1
28422,1
17774,1
25676,1
25602,1
15255,1
25983,1
15846,1
30018,1
34626,1
37511,1
21531,1
36274,1
38150,1
38358,1
37905,1
38234,1
43919,1
54178,1
35138,1
28039,1
52015,1
40016,1
74725,1
13060,1
45569,1
67748,1
74777,1
111440,1
103328,1
82507,1
71723,1
82990,1
123105,1
98631,1
10044,1
83186,1
76617,1
117974,1
87436,1
122857,1
28090,1
121606,1
84204,1
45736,1
42151,1
104755,1
174188,1
103620,1
159117,1
179111,1
158752,1
166271,1
158990,1
180894,1
152603,1
53168,1
155084,1
157547,1
167575,1
210947,1
184346,1
244566,1
244610,1
211067,1
256274,1
241848,1
254191,1
246403,1
149509,1
40081,1
252178,1
244458,1
201085,1
179150,1
279972,1
112454,1
241855,1
171424,1
287903,1
41378,1
141131,1
299245,1
240566,1
21784,1
284303,1
310131,1
48297,1
241843,1
327389,1
296065,1
36693,1
315465,1
63441,1
48300,1
339751,1
279690,1
354251,1
13099,1
30948,1
90351,1
70193,1
351211,1
284564,1
